año,secretaria,codigodepartamento,nombredepartamento,codigomunicipio,nombremunicipio,codigoestablecimiento,nombreestablecimiento,zona,direccion,telefono,nombre_Rector,tipo_Establecimiento,etnias,sector,genero,niveles,jornadas,caracter,especialidad,grados,modelos_Educativos,capacidades_Excepcionales,discapacidades,idiomas,numero_de_Sedes,estado,prestador_de_Servicio,propiedad_Planta_Fisica,resguardo,matricula_Contratada,calendario,internado,estrato_Socio_Economico,correo_Electronico,cod_mun_norm
2016,TURBO,5,ANTIOQUIA,5837,TURBO,105837006062,JARDIN INFANTIL PIOLIN,URBANA,KR 14 98 A 64,8277779,ABUCHAR PALACIOS NELLY,CENTRO EDUCATIVO,,,,PREESCOLAR,TARDE,,,0,EDUCACIÓN TRADICIONAL,,,,1,,PERSONA NATURAL,PERSONA NATURAL,NO APLICA,NO,A,,,Abuchar15@hotmail.com,05837
2016,ANTIOQUIA,5,ANTIOQUIA,5120,CÁCERES,205120001095,I. E. PUENTE RIO MAN,RURAL,VDA. RIO MAN,836 22 26 y 3103714560,SIN PLAZA,INSTITUCION EDUCATIVA,,,,"PREESCOLAR,BÁSICA SECUNDARIA,BÁSICA PRIMARIA","COMPLETA,FIN DE SEMANA",,,"0,1,2,3,4,5,6,7,8,9,21","PREESCOLAR ESCOLARIZADO_,POST PRIMARIA,ESCUELA NUEVA,PREESCOLAR NO ESCOLARIZADO/SEMIESCOLARIZADO   ,MODALIDAD VIRTUAL ASISTIDA UCN",,,,2,,OFICIAL,OFICIAL,NO APLICA,NO,A,,ESTRATO 1,amosorio69@yahoo.es,05120
2016,ANTIOQUIA,5,ANTIOQUIA,5051,ARBOLETES,205051002467,I. E. R. BAJO LA ARENOSA,RURAL,VDA BAJO LA ARENOSA,8245148,ORLANDO ANTONIO BARRERA MARTINEZ,INSTITUCION EDUCATIVA,,,,"PREESCOLAR,MEDIA,BÁSICA SECUNDARIA,BÁSICA PRIMARIA","MAÑANA,COMPLETA,NOCTURNA,FIN DE SEMANA",,ACADÉMICA,"0,1,2,3,4,5,6,7,8,9,10,11,21,22,23,24,25,26","PREESCOLAR ESCOLARIZADO_,MEDIA RURAL,POST PRIMARIA,ESCUELA NUEVA,PREESCOLAR NO ESCOLARIZADO/SEMIESCOLARIZADO   ,TELESECUNDARIA,SER",,,,3,,OFICIAL,OFICIAL,NO APLICA,SI,A,,ESTRATO 1,arboletescerbajoarenosa@tareanet.edu.co,05051
2016,ANTIOQUIA,5,ANTIOQUIA,5051,ARBOLETES,205051000090,C. E. R. SAN JUDAS TADEO,RURAL,CORREG LAS NARANJITAS ,8201289,JIMENEZ DURANGO ALBERTO MARIO,INSTITUCION EDUCATIVA,,,,"PREESCOLAR,BÁSICA SECUNDARIA,BÁSICA PRIMARIA","MAÑANA,COMPLETA,NOCTURNA",,,"0,1,2,3,4,5,6,7,8,9,21,22","PREESCOLAR ESCOLARIZADO_,ESCUELA NUEVA,PREESCOLAR NO ESCOLARIZADO/SEMIESCOLARIZADO   ,TELESECUNDARIA",,,,5,,OFICIAL,OFICIAL,NO APLICA,NO,A,,ESTRATO 1,arboletescersanjudast@tareanet.edu.co,05051
2016,ANTIOQUIA,5,ANTIOQUIA,5051,ARBOLETES,105051000028,I. E. MIGUEL VICENTE GARRIDO ORTIZ,URBANA,AV 12 00 00,820 02 81 ,HERNANDEZ JIMENEZ MANUEL,INSTITUCION EDUCATIVA,,,,"PREESCOLAR,MEDIA,BÁSICA SECUNDARIA,BÁSICA PRIMARIA","MAÑANA,NOCTURNA,TARDE",,"OTRO,ACADÉMICA","0,1,2,3,4,5,6,7,8,9,10,11,23,24,25,26,99","PROGRAMA PARA JÓVENES EN EXTRAEDAD Y ADULTOS,EDUCACIÓN TRADICIONAL,ACELERACIÓN DEL APRENDIZAJE",,,,3,,OFICIAL,OFICIAL,NO APLICA,NO,A,,ESTRATO 1,arboletesiearboletes@tareanet.edu.co,05051
2016,ANTIOQUIA,5,ANTIOQUIA,5051,ARBOLETES,105051000508,I. E.  JOSE MANUEL RESTREPO,"RURAL,URBANA",KRA 33  # 27 - 51,8200657,OBREGON HERNANDEZ DANIRIS LUCIA,INSTITUCION EDUCATIVA,,,,"PREESCOLAR,MEDIA,BÁSICA SECUNDARIA,BÁSICA PRIMARIA","MAÑANA,COMPLETA,TARDE,FIN DE SEMANA",,ACADÉMICA,"0,1,2,3,4,5,6,7,8,9,10,11,21,22,23,24,25,26,99","PREESCOLAR ESCOLARIZADO_,PROGRAMA PARA JÓVENES EN EXTRAEDAD Y ADULTOS,ESCUELA NUEVA,PREESCOLAR NO ESCOLARIZADO/SEMIESCOLARIZADO   ,EDUCACIÓN TRADICIONAL,ACELERACIÓN DEL APRENDIZAJE,SER,MODALIDAD VIRTUAL ASISTIDA UCN",,,,6,,OFICIAL,OFICIAL,NO APLICA,SI,A,,"ESTRATO 2,ESTRATO 1",arboletesiejmrestrepo@tareanet.edu.co,05051
2016,ANTIOQUIA,5,ANTIOQUIA,5051,ARBOLETES,205051001347,I. E. R. BUENOS AIRES,RURAL,CORREG. BUENOS AIRES ,8245121,ROBLEDO PINO GENARO,INSTITUCION EDUCATIVA,,,,"PREESCOLAR,MEDIA,BÁSICA SECUNDARIA,BÁSICA PRIMARIA","MAÑANA,COMPLETA,NOCTURNA,TARDE,FIN DE SEMANA",,ACADÉMICA,"0,1,2,3,4,5,6,7,8,9,10,11,21,22,23,24,25,26","PREESCOLAR ESCOLARIZADO_,PROGRAMA PARA JÓVENES EN EXTRAEDAD Y ADULTOS,ESCUELA NUEVA,PREESCOLAR NO ESCOLARIZADO/SEMIESCOLARIZADO   ,EDUCACIÓN TRADICIONAL,SER",,,,6,,OFICIAL,OFICIAL,NO APLICA,NO,A,,ESTRATO 1,arboletesierbuenosaires@tareanet.edu.co,05051
2016,ANTIOQUIA,5,ANTIOQUIA,5051,ARBOLETES,205051001959,I. E. R. LA CANDELARIA,RURAL,CORREG LA CANDELARIA,8243546,ALVAREZ JIMENEZ LEDYS MABEL,INSTITUCION EDUCATIVA,,,,"PREESCOLAR,MEDIA,BÁSICA SECUNDARIA,BÁSICA PRIMARIA","MAÑANA,COMPLETA,NOCTURNA,FIN DE SEMANA",,ACADÉMICA,"0,1,2,3,4,5,6,7,8,9,10,11,21,22,23,24,25,26","PREESCOLAR ESCOLARIZADO_,PROGRAMA PARA JÓVENES EN EXTRAEDAD Y ADULTOS,ESCUELA NUEVA,PREESCOLAR NO ESCOLARIZADO/SEMIESCOLARIZADO   ,EDUCACIÓN TRADICIONAL,SER",,,,9,,OFICIAL,OFICIAL,NO APLICA,SI,A,,ESTRATO 1,arboletesiercandelaria@tareanet.edu.co,05051
2016,ANTIOQUIA,5,ANTIOQUIA,5051,ARBOLETES,205051001339,I. E. R. EL CARMELO,RURAL,CORREG. EL CARMELO,8243117,VACANTE,INSTITUCION EDUCATIVA,,,,"PREESCOLAR,MEDIA,BÁSICA SECUNDARIA,BÁSICA PRIMARIA","MAÑANA,COMPLETA,NOCTURNA,TARDE",,ACADÉMICA,"0,1,2,3,4,5,6,7,8,9,10,11,21,22","PREESCOLAR ESCOLARIZADO_,MEDIA RURAL,ESCUELA NUEVA,PREESCOLAR NO ESCOLARIZADO/SEMIESCOLARIZADO   ,EDUCACIÓN TRADICIONAL",,,,8,,OFICIAL,OFICIAL,NO APLICA,NO,A,,ESTRATO 1,arboletesierelcarmelo@tareanet.edu.co,05051
2016,ANTIOQUIA,5,ANTIOQUIA,5051,ARBOLETES,205051002700,I. E. R. GUADUAL ARRIBA,RURAL,CORREG.GUADUAL ARRIBA ,8201289,MORENO PAJARO LINEY MARIA,INSTITUCION EDUCATIVA,,,,"PREESCOLAR,MEDIA,BÁSICA SECUNDARIA,BÁSICA PRIMARIA","MAÑANA,COMPLETA,NOCTURNA,FIN DE SEMANA",,ACADÉMICA,"0,1,2,3,4,5,6,7,8,9,10,11,21,22,23,24,25,26","PREESCOLAR ESCOLARIZADO_,PROGRAMA PARA JÓVENES EN EXTRAEDAD Y ADULTOS,ESCUELA NUEVA,PREESCOLAR NO ESCOLARIZADO/SEMIESCOLARIZADO   ,EDUCACIÓN TRADICIONAL",,,,11,,OFICIAL,OFICIAL,NO APLICA,NO,A,,ESTRATO 1,arboletesierguadualar@tareanet.edu.co,05051
2016,ANTIOQUIA,5,ANTIOQUIA,5051,ARBOLETES,205051002238,I. E. R. LA TRINIDAD,RURAL,CORREG LA TRINIDAD,8244341,MEJIA MIRANDA OSWALDY JESUS,INSTITUCION EDUCATIVA,,,,"PREESCOLAR,MEDIA,BÁSICA SECUNDARIA,BÁSICA PRIMARIA","MAÑANA,COMPLETA,NOCTURNA,FIN DE SEMANA",,ACADÉMICA,"0,1,2,3,4,5,6,7,8,9,10,11,21,22,23,24,25,26","PREESCOLAR ESCOLARIZADO_,ESCUELA NUEVA,PREESCOLAR NO ESCOLARIZADO/SEMIESCOLARIZADO   ,ETNOEDUCACIÓN,EDUCACIÓN TRADICIONAL,MODALIDAD VIRTUAL ASISTIDA UCN,SER",,,,9,,OFICIAL,OFICIAL,NO APLICA,NO,A,,"ESTRATO 2,ESTRATO 1",arboletesierlatrinidad@tareanet.edu.co,05051
2016,ANTIOQUIA,5,ANTIOQUIA,5051,ARBOLETES,205051000081,I. E. R. PAJILLAL,RURAL,VDA EL PAJILLAL,824 50 38,MANRIQUE ESPITIA ELIS JOSE,INSTITUCION EDUCATIVA,,,,"PREESCOLAR,MEDIA,BÁSICA SECUNDARIA,BÁSICA PRIMARIA","MAÑANA,COMPLETA,NOCTURNA,TARDE,FIN DE SEMANA",,ACADÉMICA,"0,1,2,3,4,5,6,7,8,9,10,11,21,22,23,24,25,26","PREESCOLAR ESCOLARIZADO_,PROGRAMA PARA JÓVENES EN EXTRAEDAD Y ADULTOS,ESCUELA NUEVA,PREESCOLAR NO ESCOLARIZADO/SEMIESCOLARIZADO   ,ETNOEDUCACIÓN,EDUCACIÓN TRADICIONAL,SER,MODALIDAD VIRTUAL ASISTIDA UCN",,,,6,,OFICIAL,OFICIAL,NO APLICA,SI,A,,"ESTRATO 2,ESTRATO 1",arboletesierpajillal@tareanet.edu.co,05051
2016,ANTIOQUIA,5,ANTIOQUIA,5051,ARBOLETES,205051002696,I. E. R. SANTA FE DE LAS PLATAS,RURAL,CORREG. SANTA FE DE LAS PLATAS,8245000 y 8246680,HERRERA OSPINA JOSE RAMON,INSTITUCION EDUCATIVA,,,,"PREESCOLAR,MEDIA,BÁSICA SECUNDARIA,BÁSICA PRIMARIA","MAÑANA,COMPLETA,NOCTURNA,FIN DE SEMANA",,ACADÉMICA,"0,1,2,3,4,5,6,7,8,9,10,11,21,22,23,24,25,26","PREESCOLAR ESCOLARIZADO_,ESCUELA NUEVA,PREESCOLAR NO ESCOLARIZADO/SEMIESCOLARIZADO   ,EDUCACIÓN TRADICIONAL,SER",,,,5,,OFICIAL,OFICIAL,NO APLICA,NO,A,,ESTRATO 1,arboletesierstlasplatas@tareanet.edu.co,05051
2016,ANTIOQUIA,5,ANTIOQUIA,5120,CÁCERES,205120001044,C. E. R. SANTA INES DEL MONTE,RURAL,VDA. ISLA LA AMARGURA,3014831578,MAZO ARDILA JOSE ARGEMIRO,INSTITUCION EDUCATIVA,,,,"PREESCOLAR,BÁSICA SECUNDARIA,BÁSICA PRIMARIA","COMPLETA,FIN DE SEMANA",,,"0,1,2,3,4,5,6,7,8,9,21,22","POST PRIMARIA,ESCUELA NUEVA,A CRECER,EDUCACIÓN TRADICIONAL,MODALIDAD VIRTUAL ASISTIDA UCN",,,,3,,OFICIAL,OFICIAL,NO APLICA,NO,A,,ESTRATO 1,argemiromazo@hotmail.com,05120
2016,ANTIOQUIA,5,ANTIOQUIA,5051,ARBOLETES,305051002712,C.E. MI BELLO MUNDO                                                                      ,URBANA,CL 27 16 15,82011 33,HOYOS UPARELA AUDY ROSA ,CENTRO EDUCATIVO,,,,"PREESCOLAR,BÁSICA PRIMARIA","MAÑANA,COMPLETA",,,"-2,-1,0,1,2,3,4,5",EDUCACIÓN TRADICIONAL,,,INGLÉS,1,,PERSONA NATURAL,PERSONA NATURAL,NO APLICA,NO,A,,ESTRATO 2,bellomundo1@hotmail.com,05051
2016,APARTADO,5,ANTIOQUIA,5045,APARTADÓ,205045000801,I.E.R. PUERTO GIRON,RURAL,CORREG. PTO. GIRON Y PUNTO ROJO,3147724976 - 8243110,CUESTA CÓRDOBA CAROLINA,INSTITUCION EDUCATIVA,,,,"PREESCOLAR,MEDIA,BÁSICA SECUNDARIA,BÁSICA PRIMARIA","MAÑANA,COMPLETA,ÚNICA,NOCTURNA,TARDE,FIN DE SEMANA",,ACADÉMICA,"0,1,2,3,4,5,6,7,8,9,10,11,20,21,22,23,24,25,26","PREESCOLAR ESCOLARIZADO_,TRANSFORMEMOS,ESPERE,PROGRAMA PARA JÓVENES EN EXTRAEDAD Y ADULTOS,ESCUELA NUEVA,A CRECER,PREESCOLAR NO ESCOLARIZADO/SEMIESCOLARIZADO   ,EDUCACIÓN TRADICIONAL,CAFAM,MODALIDAD VIRTUAL ASISTIDA UCN",,,,4,,OFICIAL,OFICIAL,NO APLICA,SI,A,,ESTRATO 1,cacuco68@gmail.com,05045
2016,ANTIOQUIA,5,ANTIOQUIA,5147,CAREPA,205147000643,C. E. R.  BELENCITO,RURAL,VDA. BELENCITO,,IBARGUEN MURILLO ROBINSON,CENTRO EDUCATIVO,,,,"PREESCOLAR,BÁSICA PRIMARIA","MAÑANA,COMPLETA,NOCTURNA,FIN DE SEMANA",,,"0,1,2,3,4,5,21","PREESCOLAR ESCOLARIZADO_,ESCUELA NUEVA,PREESCOLAR NO ESCOLARIZADO/SEMIESCOLARIZADO   ,SER",,,,8,,OFICIAL,OFICIAL,NO APLICA,SI,A,,ESTRATO 1,carepabelencito@gmail.com,05147
2016,TURBO,5,ANTIOQUIA,5837,TURBO,405837002257,C.E. BOCAS DEL ATRATO,RURAL,BOCAS DEL ATRATO,8243882,MILTON DURAN BLANDON,INSTITUCION EDUCATIVA,"NEGRITUDES,AFRODESCENDIENTE",,,"PREESCOLAR,MEDIA,BÁSICA SECUNDARIA,BÁSICA PRIMARIA","MAÑANA,TARDE",,ACADÉMICA,"0,1,2,3,4,5,6,7,8,9,10,11,20,21","ESCUELA NUEVA,EDUCACIÓN TRADICIONAL,MODALIDAD VIRTUAL ASISTIDA UCN",,,,1,,OFICIAL,OFICIAL,NO APLICA,NO,A,,ESTRATO 1,cebocasdelatrato@turboeducado.edu.co,05837
2016,TURBO,5,ANTIOQUIA,5837,TURBO,205837002771,C.E. LA GALLETA,RURAL,VDA. LA GALLETA,8273273,MARIA DEL CARMEN CORDOBA PALACIOS,INSTITUCION EDUCATIVA,,,,"PREESCOLAR,BÁSICA SECUNDARIA,BÁSICA PRIMARIA","MAÑANA,TARDE",,,"0,1,2,3,4,5,6,7,8,9,21","ESCUELA NUEVA,EDUCACIÓN TRADICIONAL,SER,MODALIDAD VIRTUAL ASISTIDA UCN",,,,5,,OFICIAL,OFICIAL,NO APLICA,NO,A,,ESTRATO 1,cegalleta@turboeducado.edu.co,05837
2016,TURBO,5,ANTIOQUIA,5837,TURBO,205837007063,I.E. INDIGENISTA EL MANGO,RURAL,EL VOLCAN DE LOS ABURRIDOS,827 32 73,ADELAIDA SUAREZ SANTOS,INSTITUCION EDUCATIVA,"ZENÚ,TULE (KUNA),NO APLICA,NEGRITUDES,KATIO,EMBERA CHAMI,EMBERA CATIO O EMBERA KATÍO,EMBERA,CHAMI",,,"PREESCOLAR,MEDIA,BÁSICA SECUNDARIA,BÁSICA PRIMARIA","MAÑANA,TARDE,FIN DE SEMANA",,"NO APLICA,ACADÉMICA","0,1,2,3,4,5,6,7,8,9,10,11,21,22,23,24,25,26","POST PRIMARIA,PROGRAMA PARA JÓVENES EN EXTRAEDAD Y ADULTOS,ESCUELA NUEVA,EDUCACIÓN TRADICIONAL,CAFAM,SAT,MODALIDAD VIRTUAL ASISTIDA UCN",,,,8,,OFICIAL,OFICIAL,EL VOLAO,NO,A,,ESTRATO 1,ceindigenista@turboeducado.edu.co,05837
2016,TURBO,5,ANTIOQUIA,5837,TURBO,205837004889,C.E. KILOMETRO VEINTICINCO,RURAL,VDA. KILOMETRO 25,8243155,JUAN DE LA CRUZ ARIAS,INSTITUCION EDUCATIVA,,,,"PREESCOLAR,BÁSICA SECUNDARIA,BÁSICA PRIMARIA","MAÑANA,NOCTURNA,TARDE,FIN DE SEMANA",,,"0,1,2,3,4,5,6,21,22","PROGRAMA PARA JÓVENES EN EXTRAEDAD Y ADULTOS,ESCUELA NUEVA,EDUCACIÓN TRADICIONAL,CAFAM,SAT",,,,12,,OFICIAL,OFICIAL,NO APLICA,NO,A,,ESTRATO 1,cekilometro25@turboeducado.edu.co,05837
2016,TURBO,5,ANTIOQUIA,5837,TURBO,205837000000,C.E. LA PITA,RURAL,VEREDA LA PITA,8273273,LUIS MIGUEL ANAYA PINEDA,INSTITUCION EDUCATIVA,,,,"PREESCOLAR,MEDIA,BÁSICA SECUNDARIA,BÁSICA PRIMARIA","MAÑANA,TARDE",,"OTRO,NO APLICA,ACADÉMICA","-1,0,1,2,3,4,5,6,7,8,9,10,11,20","POST PRIMARIA,ESCUELA NUEVA,EDUCACIÓN TRADICIONAL,MODALIDAD VIRTUAL ASISTIDA UCN",,,,7,,OFICIAL,OFICIAL,NO APLICA,NO,A,,,celapita@turboeducado.edu.co,05837
2016,TURBO,5,ANTIOQUIA,5837,TURBO,205837003416,C.E. PUYA DEL MEDIO (UNIT),RURAL,VDA. LA PUYA DEL MED,8273273,PASTOR VALOYES CAICEDO,INSTITUCION EDUCATIVA,,,,"PREESCOLAR,BÁSICA SECUNDARIA,BÁSICA PRIMARIA",MAÑANA,,,"0,1,2,3,4,5,6,7,8,9","ESCUELA NUEVA,EDUCACIÓN TRADICIONAL",,,,5,,OFICIAL,OFICIAL,NO APLICA,NO,A,,,cepuyadelmedio@turboeducado.edu.co,05837
2016,ANTIOQUIA,5,ANTIOQUIA,5147,CAREPA,205147000031,C. E. R. EL PALMAR,RURAL,VDA. EL PALMAR ,8245179,URIBE CARMONA NESTOR ALEJANDRO,CENTRO EDUCATIVO,,,,"PREESCOLAR,BÁSICA PRIMARIA","MAÑANA,COMPLETA,NOCTURNA,FIN DE SEMANA",,,"0,1,2,3,4,5,21,22","PREESCOLAR ESCOLARIZADO_,ESCUELA NUEVA,PREESCOLAR NO ESCOLARIZADO/SEMIESCOLARIZADO   ,SER",,,,5,,OFICIAL,OFICIAL,NO APLICA,SI,A,,ESTRATO 1,cerelpalmar2015@gmail.com,05147
2016,APARTADO,5,ANTIOQUIA,5045,APARTADÓ,205045001319,I.E.R. INDIGENISTA BAGARA,RURAL,RESG. IBUDÓ (LAS PLAYAS),826 3611,PEREZ LIÑAN MARIA ELEYDA,CENTRO EDUCATIVO,"EMBERA CHAMI,EMBERA CATIO O EMBERA KATÍO,EMBERA",,,"PREESCOLAR,BÁSICA SECUNDARIA,BÁSICA PRIMARIA","COMPLETA,FIN DE SEMANA",,,"0,1,2,3,4,5,6,7,8,20,21,22,23,24","PREESCOLAR ESCOLARIZADO_,ESPERE,PROGRAMA PARA JÓVENES EN EXTRAEDAD Y ADULTOS,A CRECER,ETNOEDUCACIÓN,PREESCOLAR NO ESCOLARIZADO/SEMIESCOLARIZADO   ,EDUCACIÓN TRADICIONAL,MODALIDAD VIRTUAL ASISTIDA UCN",,,,3,,OFICIAL,OFICIAL,LAS PLAYAS,NO,A,,ESTRATO 1,ceribagara@gmail.com,05045
2016,ANTIOQUIA,5,ANTIOQUIA,5665,SAN PEDRO DE URABA,205665000207,C. E. R. TACANAL,RURAL,VDA. TACANAL,,PEREZ VELASQUEZ JAIBEL ENRRIQUE,CENTRO EDUCATIVO,,,,"PREESCOLAR,BÁSICA SECUNDARIA,BÁSICA PRIMARIA",COMPLETA,,,"0,1,2,3,4,5,6,7,8",ETNOEDUCACIÓN,,,,1,,OFICIAL,OFICIAL,NO APLICA,SI,A,,ESTRATO 2,cer_tacanal@tareanet.edu.co,05665
2016,ANTIOQUIA,5,ANTIOQUIA,5147,CAREPA,205147000597,C. E. R. UNION QUINCE,RURAL,VDA. EL SILENCIO,8243185,VALENCIA MENA MARIELA,CENTRO EDUCATIVO,,,,"PREESCOLAR,BÁSICA SECUNDARIA,BÁSICA PRIMARIA","MAÑANA,COMPLETA,FIN DE SEMANA",,,"0,1,2,3,4,5,6,21,22","PROGRAMA PARA JÓVENES EN EXTRAEDAD Y ADULTOS,ESCUELA NUEVA,EDUCACIÓN TRADICIONAL",,,,1,,OFICIAL,OFICIAL,NO APLICA,NO,A,,ESTRATO 1,cerunion15@gmail.com,05147
2016,ANTIOQUIA,5,ANTIOQUIA,5147,CAREPA,205147000058,C. E. R. VIJAGUAL,RURAL,VDA CASA VERDE,8239071,LONDOÑO FLOREZ GLORIA MAVEL,INSTITUCION EDUCATIVA,,,,"PREESCOLAR,BÁSICA SECUNDARIA,BÁSICA PRIMARIA","MAÑANA,TARDE,FIN DE SEMANA",,,"0,1,2,3,4,5,6,7,8,9,21","PREESCOLAR ESCOLARIZADO_,EDUCACIÓN TRADICIONAL,MODALIDAD VIRTUAL ASISTIDA UCN",,,,1,,OFICIAL,OFICIAL,NO APLICA,NO,A,,ESTRATO 1,cer.vijagual@hotmail.com,05147
2016,TURBO,5,ANTIOQUIA,5837,TURBO,205837000735,C.E. SANTIAGO DE URABA (UNIT),RURAL,VDA. SANTIAGO DE URA,8273273,DANILO GONZALEZ RUIZ,INSTITUCION EDUCATIVA,,,,"PREESCOLAR,MEDIA,BÁSICA SECUNDARIA,BÁSICA PRIMARIA","MAÑANA,FIN DE SEMANA",,,"0,1,2,3,4,5,6,7,8,9,10,11,20,21,22,23,24,25,26","POST PRIMARIA,PROGRAMA PARA JÓVENES EN EXTRAEDAD Y ADULTOS,ESCUELA NUEVA,EDUCACIÓN TRADICIONAL,CAFAM,SAT,MODALIDAD VIRTUAL ASISTIDA UCN,SER",,,,6,,OFICIAL,OFICIAL,,NO,A,,,cevolcan@turboeducado.edu.co,05837
2016,TURBO,5,ANTIOQUIA,5837,TURBO,305837006849,C.E. CAPULLITO,RURAL,CL 98A 14B-70,8272614,CLEOTILDE  PAEZ MATURANA,CENTRO EDUCATIVO,,,,"PREESCOLAR,BÁSICA PRIMARIA",MAÑANA,,,"-2,0,1,2,3,4,5",EDUCACIÓN TRADICIONAL,,,,1,,PERSONA NATURAL,PERSONA NATURAL,NO APLICA,NO,A,,,cleopama19@yahoo.es,05837
2016,ANTIOQUIA,5,ANTIOQUIA,5120,CÁCERES,405120001981,COLEGIO PEDAGOGICO SIGLO XXI - COCEP SIGLO XXI,URBANA,CL 5 43 32,5611242,JUANA LUCÍA OCHOA RINCÓN,INSTITUCION EDUCATIVA,,,,"MEDIA,BÁSICA SECUNDARIA",COMPLETA,,ACADÉMICA,"6,7,8,9,10,11",SAT PRESENCIAL,,,,1,,FUNDACION O CORPORACIONES,FUNDACION O CORPORACIONES,NO APLICA,NO,A,,ESTRATO 2,cocepsiglo21@gmail.com ,05120
2016,APARTADO,5,ANTIOQUIA,5045,APARTADÓ,305045000899,COLEGIO ADVENTISTA DE APARTADO                                                                      ,URBANA,CL 92 96 A 48,828 16 34,SUÁREZ MEZA JOHAN FEDERICO,INSTITUCION EDUCATIVA,,,,"PREESCOLAR,MEDIA,BÁSICA SECUNDARIA,BÁSICA PRIMARIA","MAÑANA,TARDE",,"COMERCIAL,ACADÉMICA","-2,-1,0,1,2,3,4,5,6,7,8,9,10,11",EDUCACIÓN TRADICIONAL,,,INGLÉS,1,,PERSONA NATURAL,PERSONA NATURAL,NO APLICA,NO,A,,ESTRATO 2,coladventista@apartado.gov.co,05045
2016,ANTIOQUIA,5,ANTIOQUIA,5147,CAREPA,105147000657,COLEGIO DIOCESANO SANTA MARIA,URBANA,CL 80 C 66 27,8238928,TORDECILLA SOTO MARCO ANTONIO,INSTITUCION EDUCATIVA,,,,"PREESCOLAR,MEDIA,BÁSICA SECUNDARIA,BÁSICA PRIMARIA","MAÑANA,TARDE",,ACADÉMICA,"-2,-1,0,1,2,3,4,5,6,7,8,9,10,11",EDUCACIÓN TRADICIONAL,,,INGLÉS,1,,PERSONA NATURAL,PERSONA NATURAL,NO APLICA,NO,A,,ESTRATO 2,coldisama2021@gmail.com,05147
2016,ANTIOQUIA,5,ANTIOQUIA,5665,SAN PEDRO DE URABA,105665000024,I. E. CAMILO TORRES,"RURAL,URBANA",CL 52 A 47 62,8205188,MATIAS MORA GEORGINA DEL CARMEN,INSTITUCION EDUCATIVA,,,,"PREESCOLAR,MEDIA,BÁSICA SECUNDARIA,BÁSICA PRIMARIA","MAÑANA,COMPLETA,TARDE,FIN DE SEMANA",,ACADÉMICA,"0,1,2,3,4,5,6,7,8,9,10,11,21,22,23,24,25,26,99","PREESCOLAR ESCOLARIZADO_,ESCUELA NUEVA,PREESCOLAR NO ESCOLARIZADO/SEMIESCOLARIZADO   ,Formación para la reintegración,EDUCACIÓN TRADICIONAL,ACELERACIÓN DEL APRENDIZAJE,SER",,,,4,,OFICIAL,OFICIAL,NO APLICA,SI,A,,"ESTRATO 2,ESTRATO 1",colegiocamilo@hotmail.com  simatiecamilotorres@tareanet.edu.co,05665
2016,TURBO,5,ANTIOQUIA,5837,TURBO,305837006185,COLEGIO DE EDUCACION CAMPESINA,RURAL,BARRIO PARROQUIAL CLL IGLESIA,8206193,JAIME HERNANDO PARRA MARIN,INSTITUCION EDUCATIVA,EMBERA CATIO O EMBERA KATÍO,,,"PREESCOLAR,MEDIA,BÁSICA SECUNDARIA,BÁSICA PRIMARIA","MAÑANA,TARDE,FIN DE SEMANA",,"NO APLICA,ACADÉMICA","0,1,2,3,4,5,6,7,8,9,10,11,21,22,23,24,25,26","PROGRAMA PARA JÓVENES EN EXTRAEDAD Y ADULTOS,EDUCACIÓN TRADICIONAL,SAT",,,,1,,PERSONA NATURAL,PERSONA NATURAL,NO APLICA,NO,A,,,colegioces@edatel.net.co,05837
2016,TURBO,5,ANTIOQUIA,5837,TURBO,305837005871,COL. DIOCESANO NUESTRA SENORA DEL CARMEN,URBANA,KR 18 X CL 98,8273502-8274222,HNA MARIA REYES HERNANDEZ,INSTITUCION EDUCATIVA,,,,"PREESCOLAR,MEDIA,BÁSICA SECUNDARIA,BÁSICA PRIMARIA","MAÑANA,COMPLETA",,ACADÉMICA,"-2,-1,0,1,2,3,4,5,6,7,8,9,10,11",EDUCACIÓN TRADICIONAL,,,,1,,PERSONA NATURAL,PERSONA NATURAL,NO APLICA,NO,A,,ESTRATO 2,colegiodiocesano2010@hotmail.com,05837
2016,ANTIOQUIA,5,ANTIOQUIA,5147,CAREPA,205147000627,CENTRO EDUCATIVO LA ESPERANZA,RURAL,VDA CAREPITA,824 56 54,ELKIN DE JESÚS DIAZ,CENTRO EDUCATIVO,,,,"PREESCOLAR,BÁSICA PRIMARIA","MAÑANA,COMPLETA,NOCTURNA,FIN DE SEMANA",,,"0,1,2,3,4,5,21","PREESCOLAR ESCOLARIZADO_,ESCUELA NUEVA,PREESCOLAR NO ESCOLARIZADO/SEMIESCOLARIZADO   ,EDUCACIÓN TRADICIONAL,MODALIDAD VIRTUAL ASISTIDA UCN,SER",,,,4,,OFICIAL,OFICIAL,NO APLICA,SI,A,,ESTRATO 1,colegiozungo@hotmail.es,05147
2016,TURBO,5,ANTIOQUIA,5837,TURBO,305837005464,C.E. EVANGELICO GETSEMANI,URBANA,CL 107 17 53,8275637,RAMOS PATERNINA ANDRES,CENTRO EDUCATIVO,,,,"PREESCOLAR,MEDIA,BÁSICA SECUNDARIA,BÁSICA PRIMARIA","MAÑANA,FIN DE SEMANA",,,"-2,0,1,2,3,4,5,21,22,23,24,25,26","PREESCOLAR ESCOLARIZADO_,PROGRAMA PARA JÓVENES EN EXTRAEDAD Y ADULTOS,EDUCACIÓN TRADICIONAL",,,,1,,COMUNIDAD RELIGIOSA,COMUNIDAD RELIGIOSA,NO APLICA,NO,A,,,col_getsemani@hotmail.com,05837
2016,APARTADO,5,ANTIOQUIA,5045,APARTADÓ,305045010444,COLEGIO COLOMBO DARIEN,URBANA,CL 104 105 04,828 58 33,CORDOBA PEREA JHON FREDIS ,INSTITUCION EDUCATIVA,,,,"PREESCOLAR,MEDIA,BÁSICA SECUNDARIA,BÁSICA PRIMARIA",COMPLETA,,ACADÉMICA,"-2,-1,0,1,2,3,4,5,6,7,8,9,10,11",EDUCACIÓN TRADICIONAL,,,INGLÉS,1,,SOCIEDAD,SOCIEDAD,NO APLICA,NO,A,,ESTRATO 3,colombodarien@apartado.gov.co,05045
2016,APARTADO,5,ANTIOQUIA,5045,APARTADÓ,305045010134,COLEGIO SAN ANTONIO DE PADUA,URBANA,CL 105 H 64 28,8264041,CANO RODRIGUEZ MARIA MAGDALENA ,CENTRO EDUCATIVO,,,,"PREESCOLAR,BÁSICA PRIMARIA","MAÑANA,TARDE",,,"-1,0,1,2,3,4,5",EDUCACIÓN TRADICIONAL,,,INGLÉS,1,,PERSONA NATURAL,PERSONA NATURAL,NO APLICA,NO,A,,ESTRATO 1,colpadua@apartado.gov.co,05045
2016,APARTADO,5,ANTIOQUIA,5045,APARTADÓ,105045000601,I.E. CADENA LAS PLAYAS,URBANA,KR 86 C 94 C 00,8263282 - 8281531,GARCÉS ALBORNOZ RUTH EMIRA,INSTITUCION EDUCATIVA,,,,"PREESCOLAR,MEDIA,BÁSICA SECUNDARIA,BÁSICA PRIMARIA","MAÑANA,NOCTURNA,TARDE,FIN DE SEMANA",,ACADÉMICA,"0,1,2,3,4,5,6,7,8,9,10,11,21,22,23,24,25,26","PREESCOLAR ESCOLARIZADO_,TRANSFORMEMOS,ESPERE,PROGRAMA PARA JÓVENES EN EXTRAEDAD Y ADULTOS,A CRECER,PREESCOLAR NO ESCOLARIZADO/SEMIESCOLARIZADO   ,EDUCACIÓN TRADICIONAL,CAFAM,MODALIDAD VIRTUAL ASISTIDA UCN",,,,1,,OFICIAL,OFICIAL,NO APLICA,SI,A,,ESTRATO 1,colplayas@gmail.com,05045
2016,APARTADO,5,ANTIOQUIA,5045,APARTADÓ,305045010452,COLEGIO SAN SEBASTIÁN DE URABA,RURAL,CORREG. EL REPOSO,825 63 04,TORRELOSA PEÑA ISRAEL,INSTITUCION EDUCATIVA,,,,"PREESCOLAR,BÁSICA SECUNDARIA,BÁSICA PRIMARIA",MAÑANA,,,"0,1,2,3,4,5,6,7,8,9","ESCUELA NUEVA,EDUCACIÓN TRADICIONAL",,,,1,,COOPERATIVO,COOPERATIVO,NO APLICA,NO,A,,ESTRATO 1,colsansebastian@edatel.net.co,05045
2016,APARTADO,5,ANTIOQUIA,5045,APARTADÓ,305045010304,COLEGIO SOLIDARIO SANTIAGO SANTACRUZ RAMBAY                                                         ,URBANA,IND CL. 105H CON CRA. 54,8260545,MUÑOZ RAMBAY MARIA ELIANA,INSTITUCION EDUCATIVA,,,,"PREESCOLAR,BÁSICA SECUNDARIA,BÁSICA PRIMARIA","MAÑANA,TARDE",,,"0,1,2,3,4,5,6,7,8,9",EDUCACIÓN TRADICIONAL,,,INGLÉS,1,,PERSONA NATURAL,PERSONA NATURAL,NO APLICA,NO,A,,ESTRATO 1,colsasar@apartado.gov.co,05045
2016,APARTADO,5,ANTIOQUIA,5045,APARTADÓ,305045010240,INSTITUTO DE EDUCACIÒN COMFENALCO,URBANA,CL 94 96 A 22,8266182,FIGUEROA TORRES FARID DE JESUS,CENTRO EDUCATIVO,,,,"PREESCOLAR,MEDIA,BÁSICA SECUNDARIA,BÁSICA PRIMARIA","MAÑANA,TARDE,FIN DE SEMANA",,"INDUSTRIAL,ACADÉMICA","-2,-1,0,21,22,23,24,25,26","PROGRAMA PARA JÓVENES EN EXTRAEDAD Y ADULTOS,EDUCACIÓN TRADICIONAL",,,INGLÉS,1,,PERSONA NATURAL,PERSONA NATURAL,NO APLICA,NO,A,,ESTRATO 2,comfapartadò@edatel.net,05045
2016,TURBO,5,ANTIOQUIA,5837,TURBO,305837004565,COL. EL CARMELO CONURABA,URBANA,IND AL LADO DEL HOSPITAL,8273719,JUAN CARLOS NIVIA GARCIA,INSTITUCION EDUCATIVA,,,,"PREESCOLAR,MEDIA,BÁSICA SECUNDARIA,BÁSICA PRIMARIA",MAÑANA,,ACADÉMICA,"0,1,2,3,4,5,6,7,8,9,10,11",EDUCACIÓN TRADICIONAL,,,,1,,PERSONA NATURAL,PERSONA NATURAL,NO APLICA,NO,A,,,conuraba@yahoo.es,05837
2016,APARTADO,5,ANTIOQUIA,5045,APARTADÓ,305045000635,COL. COOPERATIVO APARTADO CARLOS ARTURO ROLDAN BETANCUR                                     ,URBANA,CL 100 F 100 66,8282160,GONZALEZ ARBOLEDA CARMEN CECILIA,INSTITUCION EDUCATIVA,,,,"PREESCOLAR,MEDIA,BÁSICA SECUNDARIA,BÁSICA PRIMARIA","COMPLETA,FIN DE SEMANA",,ACADÉMICA,"0,1,2,3,4,5,6,7,8,9,10,11,21,22,23,24,25,26","PROGRAMA PARA JÓVENES EN EXTRAEDAD Y ADULTOS,EDUCACIÓN TRADICIONAL",,,INGLÉS,1,,PERSONA NATURAL,PERSONA NATURAL,NO APLICA,NO,A,NINGUNO,ESTRATO 2,cooperativocarb@apartado.gov.co,05045
2016,APARTADO,5,ANTIOQUIA,5045,APARTADÓ,105045010429,COLEGIO DE EDUCACION CAMPESINA CEC,RURAL,CL. DE LA IGLESIA,820 61 93,ESPITIA ARGEMIRO JOSE,INSTITUCION EDUCATIVA,,,,"MEDIA,BÁSICA SECUNDARIA","NOCTURNA,FIN DE SEMANA",,ACADÉMICA,"6,7,8,9,10,11","ETNOEDUCACIÓN,SAT PRESENCIAL",,,,1,,FUNDACION O CORPORACIONES,FUNDACION O CORPORACIONES,NO APLICA,NO,A,,ESTRATO 1,coordinacioncec2006@hotmail.com,05045
2016,ANTIOQUIA,5,ANTIOQUIA,5659,SAN JUAN DE URABÁ,305659007997,COLEGIO DE EDUCACIÓN CAMPESINA - CEC ,URBANA,IND VARIAS VEREDAS,8206193,GABRIEL ALEXANDER ORREGO PERIAÑEZ,INSTITUCION EDUCATIVA,,,,"MEDIA,BÁSICA SECUNDARIA",FIN DE SEMANA,,ACADÉMICA,"6,7,8,9,10,11",SAT PRESENCIAL,,,,1,,PERSONA NATURAL,PERSONA NATURAL,NO APLICA,NO,A,,ESTRATO 2,coordinacioncec2006@hotmail.com,05659
2016,ANTIOQUIA,5,ANTIOQUIA,5665,SAN PEDRO DE URABA,305665010126,COLEGIO DE EDUCACION CAMPESINA - CEC,URBANA,IND VARIAS VEREDAS,8206193,GUISAO LUZ DARI,INSTITUCION EDUCATIVA,,,,"MEDIA,BÁSICA SECUNDARIA",FIN DE SEMANA,,ACADÉMICA,"6,7,8,9,10,11,23,24,25,26","SAT,SAT PRESENCIAL",,,,1,,FUNDACION O CORPORACIONES,FUNDACION O CORPORACIONES,NO APLICA,NO,A,,ESTRATO 2,coordinacioncec2006@hotmail.com,05665
2016,ANTIOQUIA,5,ANTIOQUIA,5147,CAREPA,405147000961,INSTITUTO EDUCATIVO NUEVO HORIZONTE,URBANA,VDA. CARACOLI,, AYAZO P. SHERLEY JEINS,INSTITUCION EDUCATIVA,,,,"PREESCOLAR,BÁSICA SECUNDARIA,BÁSICA PRIMARIA","MAÑANA,TARDE",,,"0,1,2,3,4,5,6,7,8,9","ESCUELA NUEVA,EDUCACIÓN TRADICIONAL",,,,1,,FUNDACION O CORPORACIONES,FUNDACION O CORPORACIONES,NO APLICA,NO,A,,,copecas1@hotmail.com,05147
2016,ANTIOQUIA,5,ANTIOQUIA,5665,SAN PEDRO DE URABA,405665010163,I.E. NUEVO HORIZONTE,URBANA,VDA. LOS ALMAGROS,,ALTAMIRANDA ALBA LUCIA,INSTITUCION EDUCATIVA,,,,"PREESCOLAR,BÁSICA SECUNDARIA,BÁSICA PRIMARIA","MAÑANA,TARDE",,,"0,1,2,3,4,5,6,7,8,9","ESCUELA NUEVA,EDUCACIÓN TRADICIONAL",,,,1,,FUNDACION O CORPORACIONES,FUNDACION O CORPORACIONES,NO APLICA,NO,A,,ESTRATO 2,copecas1@hotmail.com,05665
2016,ANTIOQUIA,5,ANTIOQUIA,5051,ARBOLETES,405051008162,I.E. NUEVO HORIZONTE,URBANA,VDA. GUAIMARO,,JARAMILLO YORMAN DE JESUS,INSTITUCION EDUCATIVA,,,,"PREESCOLAR,BÁSICA SECUNDARIA,BÁSICA PRIMARIA","MAÑANA,TARDE",,,"0,1,2,3,4,5,6,7,8,9",EDUCACIÓN TRADICIONAL,,,,1,,FUNDACION O CORPORACIONES,FUNDACION O CORPORACIONES,NO APLICA,NO,A,,ESTRATO 2,copecas1@hotmail.com,05051
2016,APARTADO,5,ANTIOQUIA,5045,APARTADÓ,305045010690,C.E. CORCEDÍN,URBANA,CL 99 107 20,,MONICA MARÍA GUTIERREZ ESCOBAR,CENTRO EDUCATIVO,,,,"PREESCOLAR,PRIMERA INFANCIA","MAÑANA,TARDE",,,-6,"PREESCOLAR NO ESCOLARIZADO/SEMIESCOLARIZADO   ,EDUCACIÓN TRADICIONAL",,,,1,,PERSONA NATURAL,PERSONA NATURAL,NO APLICA,SI,A,,,corcedin@apartado.gov.co,05045
2016,APARTADO,5,ANTIOQUIA,5045,APARTADÓ,305045001461,COLEGIO DIOCESANO,URBANA,KR 64 104 A 14,8262726,GUILLERMO LEON ALVAREZ PALACIO,INSTITUCION EDUCATIVA,,,,"PREESCOLAR,MEDIA,BÁSICA SECUNDARIA,BÁSICA PRIMARIA","MAÑANA,TARDE",,ACADÉMICA,"-1,0,1,2,3,4,5,6,7,8,9,10,11",EDUCACIÓN TRADICIONAL,,,INGLÉS,1,,PERSONA NATURAL,PERSONA NATURAL,NO APLICA,NO,A,,ESTRATO 2,diocesanojpii@apartado.gov.co,05045
2016,APARTADO,5,ANTIOQUIA,5045,APARTADÓ,305045001674,COLEGIO DIVINO NIÑO                                                                                 ,URBANA,KR 68 107 A 46,826 07 54,ASPRILLA PEREZ MARIA POLONIA,CENTRO EDUCATIVO,,,,"PREESCOLAR,BÁSICA SECUNDARIA,BÁSICA PRIMARIA","MAÑANA,TARDE",,,"0,1,2,3,4,5,6",EDUCACIÓN TRADICIONAL,,,INGLÉS,1,,PERSONA NATURAL,PERSONA NATURAL,NO APLICA,NO,A,,ESTRATO 1,divinonino@apartado.gov.co,05045
2016,ANTIOQUIA,5,ANTIOQUIA,5147,CAREPA,205147000457,I.E.R. EL CERRO,RURAL,VDA. EL CERRO,8236828,MARTINEZ MONTIEL FAIR EDUARDO,INSTITUCION EDUCATIVA,,,,"PREESCOLAR,MEDIA,BÁSICA SECUNDARIA,BÁSICA PRIMARIA","COMPLETA,NOCTURNA,FIN DE SEMANA",,ACADÉMICA,"0,1,2,3,4,5,6,7,8,9,10,11,21","PREESCOLAR ESCOLARIZADO_,ESCUELA NUEVA,PREESCOLAR NO ESCOLARIZADO/SEMIESCOLARIZADO   ,EDUCACIÓN TRADICIONAL,MODALIDAD VIRTUAL ASISTIDA UCN",,,,1,,OFICIAL,OFICIAL,NO APLICA,SI,A,,ESTRATO 1,elcerro.notas@gmail.com,05147
2016,ANTIOQUIA,5,ANTIOQUIA,5120,CÁCERES,205120001435,I. E. GASPAR DE RODAS,"RURAL,URBANA",CORREG JARDIN ,8363075,PALACIOS MOSQUERA FELIX ARIEL,INSTITUCION EDUCATIVA,,,,"PREESCOLAR,MEDIA,BÁSICA SECUNDARIA,BÁSICA PRIMARIA","MAÑANA,COMPLETA,NOCTURNA,TARDE,FIN DE SEMANA",,ACADÉMICA,"0,1,2,3,4,5,6,7,8,9,10,11,21,22,23,24,25,26,99","PROGRAMA PARA JÓVENES EN EXTRAEDAD Y ADULTOS,ESCUELA NUEVA,EDUCACIÓN TRADICIONAL,ACELERACIÓN DEL APRENDIZAJE,MODALIDAD VIRTUAL ASISTIDA UCN,SER",,,,4,,OFICIAL,OFICIAL,NO APLICA,SI,A,,"ESTRATO 2,ESTRATO 1",gaspar@iegasderodas.edu.co,05120
2016,TURBO,5,ANTIOQUIA,5837,TURBO,205837004366,I.E. VEINTICUATRO DE DICIEMBRE,RURAL,BARRIO 24 DE DICIEMBRE,8273273,RAQUEL BELLO HIDALGO,INSTITUCION EDUCATIVA,,,,"PREESCOLAR,MEDIA,BÁSICA SECUNDARIA,BÁSICA PRIMARIA","MAÑANA,TARDE,FIN DE SEMANA",,"OTRO,NO APLICA,ACADÉMICA","0,1,2,3,4,5,6,7,8,9,10,11,21,22,23,24,25,26","PROGRAMA PARA JÓVENES EN EXTRAEDAD Y ADULTOS,A CRECER,EDUCACIÓN TRADICIONAL,CAFAM,SAT",,,,5,,OFICIAL,OFICIAL,NO APLICA,NO,A,,,ie24diciembre@turboeducado.edu.co,05837
2016,TURBO,5,ANTIOQUIA,5837,TURBO,205837001821,I.E. ALTO DE MULATOS,RURAL,CORREG. ALTO MULATOS,8273142,EDUARDO CORDOBA CUESTA,INSTITUCION EDUCATIVA,,,,"PREESCOLAR,MEDIA,BÁSICA SECUNDARIA,BÁSICA PRIMARIA","MAÑANA,TARDE",,"PROMOCION SOCIAL,OTRO,NO APLICA,AGROPECUARIO,ACADÉMICA","0,1,2,3,4,5,6,7,8,9,10,11,20","POST PRIMARIA,ESCUELA NUEVA,EDUCACIÓN TRADICIONAL,MODALIDAD VIRTUAL ASISTIDA UCN",,,,9,,OFICIAL,OFICIAL,NO APLICA,NO,A,,ESTRATO 1,iealtodemulatos@turboeducado.edu.co,05837
2016,ANTIOQUIA,5,ANTIOQUIA,5120,CÁCERES,205120000366,I. E. AURELIO MEJIA,"RURAL,URBANA",KR 21 27 25,830 87 02,MOSQUERA MOSQUERA PEDRO PABLO,INSTITUCION EDUCATIVA,,,,"PREESCOLAR,MEDIA,BÁSICA SECUNDARIA,BÁSICA PRIMARIA","COMPLETA,NOCTURNA,FIN DE SEMANA",,ACADÉMICA,"0,1,2,3,4,5,6,7,8,9,10,11,21,99","ESPERE,ESCUELA NUEVA,EDUCACIÓN TRADICIONAL,ACELERACIÓN DEL APRENDIZAJE,MODALIDAD VIRTUAL ASISTIDA UCN",,,,7,,OFICIAL,OFICIAL,NO APLICA,NO,A,,"ESTRATO 2,ESTRATO 1",ieamejia@tareanet.edu.co,05120
2016,TURBO,5,ANTIOQUIA,5837,TURBO,105837000153,I.E. ANGEL MILAN PEREA,URBANA,KR 14 98 121,8273882,ELIGIO BERRIO GELES,INSTITUCION EDUCATIVA,,,,"PREESCOLAR,MEDIA,BÁSICA SECUNDARIA,BÁSICA PRIMARIA","MAÑANA,NOCTURNA,TARDE,FIN DE SEMANA",,"OTRO,NO APLICA,ACADÉMICA","0,1,2,3,4,5,6,7,8,9,10,11,21,22,23,24,25,26,99","MEDIA RURAL,PROGRAMA PARA JÓVENES EN EXTRAEDAD Y ADULTOS,A CRECER,EDUCACIÓN TRADICIONAL,CIRCULOS DE APRENDIZAJE,ACELERACIÓN DEL APRENDIZAJE,GRUPOS JUVENILES CREATIVOS,CAFAM",,,,2,,OFICIAL,OFICIAL,NO APLICA,NO,A,,,ieangelmilan@turboeducado.edu.co,05837
2016,APARTADO,5,ANTIOQUIA,5045,APARTADÓ,105045000318,I.E. JOSÉ JOAQUIN VÉLEZ,URBANA,IND CRA 105 N° 108-25,828 3350,RODRIGO EDISON ZAPATA HERNÁNDEZ,INSTITUCION EDUCATIVA,,,,"PREESCOLAR,MEDIA,BÁSICA SECUNDARIA,BÁSICA PRIMARIA","MAÑANA,NOCTURNA,TARDE,FIN DE SEMANA",,ACADÉMICA,"0,1,2,3,4,5,6,7,8,9,10,11,21,22,23,24,25,26,99","TRANSFORMEMOS,ESPERE,PROGRAMA PARA JÓVENES EN EXTRAEDAD Y ADULTOS,A CRECER,EDUCACIÓN TRADICIONAL,ACELERACIÓN DEL APRENDIZAJE",,,,2,,OFICIAL,OFICIAL,NO APLICA,SI,A,,ESTRATO 1,iebarriovelez@gmail.com,05045
2016,TURBO,5,ANTIOQUIA,5837,TURBO,205837003891,I.E. BLANQUICET,RURAL,CORREG. BLANQUICET,8245705,CARLOS ENRIQUE TARCITANO SANCHEZ,INSTITUCION EDUCATIVA,,,,"PREESCOLAR,MEDIA,BÁSICA SECUNDARIA,BÁSICA PRIMARIA","MAÑANA,TARDE,FIN DE SEMANA",,"OTRO,NO APLICA,ACADÉMICA","-1,0,1,2,3,4,5,6,7,8,9,10,11,20,21,22,23,24,25,26","PROGRAMA PARA JÓVENES EN EXTRAEDAD Y ADULTOS,ESCUELA NUEVA,A CRECER,EDUCACIÓN TRADICIONAL,CAFAM,MODALIDAD VIRTUAL ASISTIDA UCN",,,,7,,OFICIAL,OFICIAL,NO APLICA,NO,A,,,ieblanquicet@turboeducado.edu.co,05837
2016,APARTADO,5,ANTIOQUIA,5045,APARTADÓ,405045001334,I.E. CAMPO ALEGRE,URBANA,IND EL SALVADOR,828 74 13,ROBINSON MUÑOZ CÓRDOBA,INSTITUCION EDUCATIVA,,,,"PREESCOLAR,MEDIA,BÁSICA SECUNDARIA,BÁSICA PRIMARIA","MAÑANA,COMPLETA,NOCTURNA,TARDE,FIN DE SEMANA",,ACADÉMICA,"0,1,2,3,4,5,6,7,8,9,10,11,20,21,22,23,24,25,26","PREESCOLAR ESCOLARIZADO_,ESPERE,TRANSFORMEMOS,PROGRAMA PARA JÓVENES EN EXTRAEDAD Y ADULTOS,ESCUELA NUEVA,PREESCOLAR NO ESCOLARIZADO/SEMIESCOLARIZADO   ,EDUCACIÓN TRADICIONAL,MODALIDAD VIRTUAL ASISTIDA UCN",,,,1,,OFICIAL,OFICIAL,NO APLICA,SI,A,,ESTRATO 1,iecampoalegre02@gmail.com,05045
2016,TURBO,5,ANTIOQUIA,5837,TURBO,205837000531,I.E. CENTRAL,RURAL,CLL CENTRAL,8206500,LEONEL PALOMEQUE PARRA,INSTITUCION EDUCATIVA,,,,"PREESCOLAR,MEDIA,BÁSICA SECUNDARIA,BÁSICA PRIMARIA","MAÑANA,NOCTURNA,TARDE,FIN DE SEMANA",,"OTRO,COMERCIAL,AGROPECUARIO,ACADÉMICA","0,1,2,3,4,5,6,7,8,9,10,11,20,21,22,23,24,25,26,99","MEDIA RURAL,PROGRAMA PARA JÓVENES EN EXTRAEDAD Y ADULTOS,A CRECER,EDUCACIÓN TRADICIONAL,ACELERACIÓN DEL APRENDIZAJE,CAFAM,SAT,MODALIDAD VIRTUAL ASISTIDA UCN",,,,5,,OFICIAL,OFICIAL,NO APLICA,NO,A,,ESTRATO 1,iecentral@turboeducado.edu.co,05837
2016,TURBO,5,ANTIOQUIA,5837,TURBO,405837000998,I.E. COLDESA AMSTERCOL,RURAL,VDA. COLDESA,8273273,YESITH ROSO CUESTA,INSTITUCION EDUCATIVA,,,,"PREESCOLAR,MEDIA,BÁSICA SECUNDARIA,BÁSICA PRIMARIA","MAÑANA,TARDE,FIN DE SEMANA",,"OTRO,NO APLICA,ACADÉMICA","-1,0,1,2,3,4,5,6,7,8,9,10,11,20,21,22,23,24,25,26,99","PROGRAMA PARA JÓVENES EN EXTRAEDAD Y ADULTOS,ESCUELA NUEVA,A CRECER,EDUCACIÓN TRADICIONAL,ACELERACIÓN DEL APRENDIZAJE,CAFAM,MODALIDAD VIRTUAL ASISTIDA UCN,SER",,,,4,,OFICIAL,OFICIAL,NO APLICA,NO,A,,,iecoldesa@turboeducado.edu.co,05837
2016,TURBO,5,ANTIOQUIA,5837,TURBO,205837000310,I.E. CURRULAO,RURAL,B/PUEBLO NUEVO.,8206063,DEOSITEO MELENDEZ PEREA,INSTITUCION EDUCATIVA,,,,"PREESCOLAR,MEDIA,BÁSICA SECUNDARIA,BÁSICA PRIMARIA","MAÑANA,NOCTURNA,TARDE,FIN DE SEMANA",,"OTRO,NO APLICA,INDUSTRIAL,ACADÉMICA","0,1,2,3,4,5,6,7,8,9,10,11,20,21,22,23,24,25,26,99","PROGRAMA PARA JÓVENES EN EXTRAEDAD Y ADULTOS,A CRECER,EDUCACIÓN TRADICIONAL,ACELERACIÓN DEL APRENDIZAJE,MODALIDAD VIRTUAL ASISTIDA UCN,SER",,,,2,,OFICIAL,OFICIAL,NO APLICA,NO,A,,,iecurrulao@turboeducado.edu.co,05837
2016,TURBO,5,ANTIOQUIA,5837,TURBO,205837003483,I.E. DE DESARROLLO RURAL DE TURBO,"URBANA,RURAL",VDA. CASANOVA,8273732,GRISELDA ELVIRA CALAO VARGAS,INSTITUCION EDUCATIVA,,,,"PREESCOLAR,MEDIA,BÁSICA SECUNDARIA,BÁSICA PRIMARIA","MAÑANA,TARDE,FIN DE SEMANA",,"OTRO,NO APLICA,AGROPECUARIO,ACADÉMICA","0,1,2,3,4,5,6,7,8,9,10,11,20,21,22,23,99","PROGRAMA PARA JÓVENES EN EXTRAEDAD Y ADULTOS,A CRECER,EDUCACIÓN TRADICIONAL,CIRCULOS DE APRENDIZAJE,ACELERACIÓN DEL APRENDIZAJE,CAFAM,MODALIDAD VIRTUAL ASISTIDA UCN,SER",,,,5,,OFICIAL,OFICIAL,NO APLICA,NO,A,,,iedr@turboeducado.edu.co,05837
2016,TURBO,5,ANTIOQUIA,5837,TURBO,105837004922,I.E. FRANCISCO LUIS VALDERRAMA VALDERRAMA,URBANA,CL 100 KR 18,8272167,CENITH PADILLA CERVANTES,INSTITUCION EDUCATIVA,,,,"PREESCOLAR,MEDIA,BÁSICA SECUNDARIA,BÁSICA PRIMARIA","MAÑANA,TARDE,FIN DE SEMANA",,"OTRO,NO APLICA,COMERCIAL,ACADÉMICA","0,1,2,3,4,5,6,7,8,9,10,11,21,22,23,24,25,26","PROGRAMA PARA JÓVENES EN EXTRAEDAD Y ADULTOS,A CRECER,EDUCACIÓN TRADICIONAL,CAFAM",,,,3,,OFICIAL,OFICIAL,NO APLICA,NO,A,,,iefrancisco@turboeducado.edu.co,05837
2016,APARTADO,5,ANTIOQUIA,5045,APARTADÓ,105045001683,I. E. HERACLIO MENA PADILLA,URBANA,CL 94 92 34,828 19 10,QUIROGA HERRERA YESID,INSTITUCION EDUCATIVA,,,,"PREESCOLAR,MEDIA,BÁSICA SECUNDARIA,BÁSICA PRIMARIA","MAÑANA,NOCTURNA,TARDE,FIN DE SEMANA",,ACADÉMICA,"0,1,2,3,4,5,6,7,8,9,10,11,20,21,22,23,24,25,26,99","ESPERE,PROGRAMA PARA JÓVENES EN EXTRAEDAD Y ADULTOS,A CRECER,EDUCACIÓN TRADICIONAL,ACELERACIÓN DEL APRENDIZAJE,MODALIDAD VIRTUAL ASISTIDA UCN",,,,1,,OFICIAL,OFICIAL,NO APLICA,NO,A,,ESTRATO 1,iehemepa@gmail.com,05045
2016,APARTADO,5,ANTIOQUIA,5045,APARTADÓ,105045000148,I.E. JOSE CELESTINO MUTIS,URBANA,CL 108 108 82,8295674,MAZO MIRA LUIS ENRIQUE,INSTITUCION EDUCATIVA,,,,"PREESCOLAR,MEDIA,BÁSICA SECUNDARIA,BÁSICA PRIMARIA","MAÑANA,NOCTURNA,TARDE,FIN DE SEMANA",,ACADÉMICA,"0,1,2,3,4,5,6,7,8,9,10,11,21,22,23,24,25,26,99","TRANSFORMEMOS,ESPERE,PROGRAMA PARA JÓVENES EN EXTRAEDAD Y ADULTOS,EDUCACIÓN TRADICIONAL,ACELERACIÓN DEL APRENDIZAJE",,,,1,,OFICIAL,OFICIAL,NO APLICA,SI,A,,ESTRATO 1,ie.jcmutis01@gmail.com,05045
2016,TURBO,5,ANTIOQUIA,5837,TURBO,405837007020,INSTITUCIÓN EDUCATIVA INTEGRADA LA LIBERTAD,URBANA,CL 103 16 25,8273697,JOSE FABRICIO IBARGÜEN CAÑIZALES,CENTRO EDUCATIVO,,,,"MEDIA,BÁSICA SECUNDARIA,BÁSICA PRIMARIA",FIN DE SEMANA,,ACADÉMICA,"21,22,23,24,25,26",PROGRAMA PARA JÓVENES EN EXTRAEDAD Y ADULTOS,,,,1,,PERSONA NATURAL,PERSONA NATURAL,NO APLICA,NO,A,,,ielalibertad1488@gmail.com,05837
2016,APARTADO,5,ANTIOQUIA,5045,APARTADÓ,105045001667,I.E. LA PAZ,URBANA,CL 111 58 B 01,826 25 46,ARCILA TORO DORIS ELIANA,INSTITUCION EDUCATIVA,,,,"PREESCOLAR,MEDIA,BÁSICA SECUNDARIA,BÁSICA PRIMARIA","MAÑANA,NOCTURNA,TARDE,FIN DE SEMANA",,ACADÉMICA,"0,1,2,3,4,5,6,7,8,9,10,11,20,21,22,23,24,25,26,99","PREESCOLAR ESCOLARIZADO_,TRANSFORMEMOS,ESPERE,PROGRAMA PARA JÓVENES EN EXTRAEDAD Y ADULTOS,A CRECER,PREESCOLAR NO ESCOLARIZADO/SEMIESCOLARIZADO   ,EDUCACIÓN TRADICIONAL,ACELERACIÓN DEL APRENDIZAJE,MODALIDAD VIRTUAL ASISTIDA UCN",,,,2,,OFICIAL,OFICIAL,NO APLICA,SI,A,,ESTRATO 1,ielapaz1972@gmail.com,05045
2016,TURBO,5,ANTIOQUIA,5837,TURBO,205837000492,I.E. EL DOS,RURAL,CORREG. EL DOS,8245092,ANDRES DUVAN MENA,INSTITUCION EDUCATIVA,,,,"PREESCOLAR,MEDIA,BÁSICA SECUNDARIA,BÁSICA PRIMARIA","MAÑANA,TARDE,FIN DE SEMANA",,"OTRO,NO APLICA,ACADÉMICA","0,1,2,3,4,5,6,7,8,9,10,11,20,21,22,23,24,25,26","PROGRAMA PARA JÓVENES EN EXTRAEDAD Y ADULTOS,ESCUELA NUEVA,A CRECER,EDUCACIÓN TRADICIONAL,CAFAM,SAT,SER,MODALIDAD VIRTUAL ASISTIDA UCN",,,,13,,OFICIAL,OFICIAL,NO APLICA,NO,A,,,ieldos@turboeducado.edu.co,05837
2016,TURBO,5,ANTIOQUIA,5837,TURBO,205837002916,I.E. EL TRES,RURAL,CORREG EL TRES,8273142,LUIS ANTONIO CHAVERRA CORDOBA,INSTITUCION EDUCATIVA,,,,"PREESCOLAR,MEDIA,BÁSICA SECUNDARIA,BÁSICA PRIMARIA","MAÑANA,TARDE,FIN DE SEMANA",,"PROMOCION SOCIAL,OTRO,NO APLICA,AGROPECUARIO,ACADÉMICA","0,1,2,3,4,5,6,7,8,9,10,11,21,22,23,24,25,26,99","MEDIA RURAL,PROGRAMA PARA JÓVENES EN EXTRAEDAD Y ADULTOS,ESCUELA NUEVA,A CRECER,EDUCACIÓN TRADICIONAL,ACELERACIÓN DEL APRENDIZAJE,SAT,SER,MODALIDAD VIRTUAL ASISTIDA UCN",,,,8,,OFICIAL,OFICIAL,NO APLICA,NO,A,,ESTRATO 2,ieltres@turboeducado.edu.co,05837
2016,ANTIOQUIA,5,ANTIOQUIA,5147,CAREPA,105147000568,I. E. JOSE MARIA MUÑOZ FLOREZ,URBANA,CL 81 77 20,823 69 84,HERRERA OLAYA GUADALUPE,INSTITUCION EDUCATIVA,,,,"PREESCOLAR,MEDIA,BÁSICA SECUNDARIA,BÁSICA PRIMARIA","MAÑANA,NOCTURNA,TARDE,FIN DE SEMANA",,"INDUSTRIAL,COMERCIAL,ACADÉMICA","0,1,2,3,4,5,6,7,8,9,10,11,21,22,23,24,25,26,99","PROGRAMA PARA JÓVENES EN EXTRAEDAD Y ADULTOS,EDUCACIÓN TRADICIONAL,ACELERACIÓN DEL APRENDIZAJE,MODALIDAD VIRTUAL ASISTIDA UCN",,,,1,,OFICIAL,OFICIAL,NO APLICA,NO,A,,ESTRATO 2,iemmf@yahoo.es,05147
2016,ANTIOQUIA,5,ANTIOQUIA,5120,CÁCERES,105120000345,I. E. MONSEÑOR GERARDO PATIÑO,URBANA,CL 49 49 49,8362208,MONTOYA VILLEGAS RUBEN DARIO,INSTITUCION EDUCATIVA,,,,"PREESCOLAR,MEDIA,BÁSICA SECUNDARIA,BÁSICA PRIMARIA","MAÑANA,COMPLETA,ÚNICA,NOCTURNA,TARDE,FIN DE SEMANA",,ACADÉMICA,"0,1,2,3,4,5,6,7,8,9,10,11,21,22,23,24,25,26,99","PROGRAMA PARA JÓVENES EN EXTRAEDAD Y ADULTOS,EDUCACIÓN TRADICIONAL,ACELERACIÓN DEL APRENDIZAJE,MODALIDAD VIRTUAL ASISTIDA UCN,SER",,,,3,,OFICIAL,OFICIAL,NO APLICA,NO,A,,"ESTRATO 2,ESTRATO 1",iemonsgerardopatino@gmail.com,05120
2016,TURBO,5,ANTIOQUIA,5837,TURBO,205837005133,I.E. MONTE VERDE,RURAL,VDA. MONTE VERDE #1,8243622,JAIRO MANUEL TOVAR GOMEZ,INSTITUCION EDUCATIVA,,,,"PREESCOLAR,MEDIA,BÁSICA SECUNDARIA,BÁSICA PRIMARIA","MAÑANA,TARDE,FIN DE SEMANA",,"OTRO,NO APLICA,ACADÉMICA","0,1,2,3,4,5,6,7,8,9,10,11,20,21,22,23,24,25,26,99","PROGRAMA PARA JÓVENES EN EXTRAEDAD Y ADULTOS,A CRECER,ESCUELA NUEVA,EDUCACIÓN TRADICIONAL,ACELERACIÓN DEL APRENDIZAJE,CAFAM,SAT,SER,MODALIDAD VIRTUAL ASISTIDA UCN",,,,6,,OFICIAL,OFICIAL,NO APLICA,NO,A,,ESTRATO 2,iemonteverde@turboeducado.edu.co,05837
2016,TURBO,5,ANTIOQUIA,5837,TURBO,105837006194,I.E. NORMAL SUPERIOR DE URABA,"URBANA,RURAL",PARAJE LA LUCILA,8273894,MARQUESA CHAVERRA MOYA,INSTITUCION EDUCATIVA,,,,"PREESCOLAR,MEDIA,BÁSICA SECUNDARIA,BÁSICA PRIMARIA","MAÑANA,COMPLETA,TARDE",,"PEDAGOGICO,OTRO,NO APLICA,ACADÉMICA","0,1,2,3,4,5,6,7,8,9,10,11,12,13,20,21,99","A CRECER,EDUCACIÓN TRADICIONAL,ACELERACIÓN DEL APRENDIZAJE,CIRCULOS DE APRENDIZAJE,SER,MODALIDAD VIRTUAL ASISTIDA UCN",,,,3,,OFICIAL,OFICIAL,NO APLICA,NO,A,,,iensur@turboeducado.edu.co,05837
2016,TURBO,5,ANTIOQUIA,5837,TURBO,205837000379,I.E. NUEVA COLONIA,RURAL,B.SAN JOAQUIN CRA 9A CLL28,8210792-8210084,PALOMEQUE CHALA BENIGNA,INSTITUCION EDUCATIVA,,,,"PREESCOLAR,MEDIA,BÁSICA SECUNDARIA,BÁSICA PRIMARIA","MAÑANA,TARDE,FIN DE SEMANA",,"OTRO,NO APLICA,ACADÉMICA","0,1,2,3,4,5,6,7,8,9,10,11,21,22,23,24,25,26,99","PROGRAMA PARA JÓVENES EN EXTRAEDAD Y ADULTOS,A CRECER,EDUCACIÓN TRADICIONAL,ACELERACIÓN DEL APRENDIZAJE,CAFAM,SAT",,,,3,,OFICIAL,OFICIAL,NO APLICA,NO,A,,,ienuevacolonia@turboeducado.edu.co,05837
2016,TURBO,5,ANTIOQUIA,5837,TURBO,205837000883,I.E. NUEVA GRANADA,RURAL,CORREG. NUEVA GRANADA,8243223,DANILO JOSE CORCHO ANAYA,INSTITUCION EDUCATIVA,,,,"PREESCOLAR,MEDIA,BÁSICA SECUNDARIA,BÁSICA PRIMARIA","MAÑANA,TARDE,FIN DE SEMANA",,"OTRO,NO APLICA,ACADÉMICA","0,1,2,3,4,5,6,7,8,9,10,11,21,22,23,24,25,26","PROGRAMA PARA JÓVENES EN EXTRAEDAD Y ADULTOS,ESCUELA NUEVA,EDUCACIÓN TRADICIONAL,CAFAM,SER",,,,9,,OFICIAL,OFICIAL,NO APLICA,NO,A,,ESTRATO 1,ienuevagranada@turboeducado.edu.co,05837
2016,TURBO,5,ANTIOQUIA,5837,TURBO,205837006288,I.E NUEVO ANTIOQUIA,RURAL,CORREG. NUEVO ANTIOQ,8275705,EDUIN CASTRO URANGO,INSTITUCION EDUCATIVA,,,,"PREESCOLAR,MEDIA,BÁSICA SECUNDARIA,BÁSICA PRIMARIA,PRIMERA INFANCIA","MAÑANA,NOCTURNA,TARDE,FIN DE SEMANA",,"OTRO,NO APLICA,ACADÉMICA","-3,0,1,2,3,4,5,6,7,8,9,10,11,21,22,23,24,25,26","PROGRAMA PARA JÓVENES EN EXTRAEDAD Y ADULTOS,MEDIA RURAL,A CRECER,ESCUELA NUEVA,EDUCACIÓN TRADICIONAL,CAFAM",,,,7,,OFICIAL,OFICIAL,NO APLICA,NO,A,,ESTRATO 1,ienuevoantioquia@turboeducado.edu.co,05837
2016,TURBO,5,ANTIOQUIA,5837,TURBO,205837002151,I.E. NUEVO ORIENTE,RURAL,CORREG. NUEVO ORIENT,8273273,WAGNER CORDOBA QUEJADA,INSTITUCION EDUCATIVA,,,,"PREESCOLAR,MEDIA,BÁSICA SECUNDARIA,BÁSICA PRIMARIA","MAÑANA,TARDE,FIN DE SEMANA",,"OTRO,NO APLICA,ACADÉMICA","0,1,2,3,4,5,6,7,8,9,10,11,21,22,23,24","PROGRAMA PARA JÓVENES EN EXTRAEDAD Y ADULTOS,ESCUELA NUEVA,EDUCACIÓN TRADICIONAL,CAFAM,SAT",,,,8,,OFICIAL,OFICIAL,NO APLICA,NO,A,,ESTRATO 1,ienuevooriente@turboeducado.edu.co,05837
2016,ANTIOQUIA,5,ANTIOQUIA,5120,CÁCERES,205120000391,I. E. PIAMONTE,RURAL,CORREG. PIAMONTE,,OVIEDO NAVARRO BERNARDO MANUEL,INSTITUCION EDUCATIVA,,,,"PREESCOLAR,MEDIA,BÁSICA SECUNDARIA,BÁSICA PRIMARIA","MAÑANA,TARDE,FIN DE SEMANA",,ACADÉMICA,"0,1,2,3,4,5,6,7,8,9,10,11,21,22,23,24,25","MEDIA RURAL,PROGRAMA PARA JÓVENES EN EXTRAEDAD Y ADULTOS,ESCUELA NUEVA,EDUCACIÓN TRADICIONAL",,,,2,,OFICIAL,OFICIAL,NO APLICA,NO,A,,ESTRATO 1,iepiamonte.caceres@gmail.com,05120
2016,TURBO,5,ANTIOQUIA,5837,TURBO,205837000450,I.E. PIEDRECITAS,RURAL,VDA. PIEDRECITAS,8273273,ANGEL OVIDIO LEZCANO PEREA,INSTITUCION EDUCATIVA,,,,"PREESCOLAR,MEDIA,BÁSICA SECUNDARIA,BÁSICA PRIMARIA","MAÑANA,NOCTURNA,TARDE,FIN DE SEMANA",,"OTRO,NO APLICA,ACADÉMICA","0,1,2,3,4,5,6,7,8,9,10,11,20,21,22,23,24,25,26","PROGRAMA PARA JÓVENES EN EXTRAEDAD Y ADULTOS,ESCUELA NUEVA,A CRECER,EDUCACIÓN TRADICIONAL,CAFAM,SAT,MODALIDAD VIRTUAL ASISTIDA UCN,SER",,,,5,,OFICIAL,OFICIAL,NO APLICA,NO,A,,,iepiedrecitas@turboeducado.edu.co,05837
2016,APARTADO,5,ANTIOQUIA,5045,APARTADÓ,105045001217,I.E. POLICARPA SALAVARRIETA,URBANA,CL 104 62 30,826 3902,SAMUEL DE JESUS VÁSQUEZ VELÁSQUEZ,INSTITUCION EDUCATIVA,,,,"PREESCOLAR,MEDIA,BÁSICA SECUNDARIA,BÁSICA PRIMARIA","MAÑANA,NOCTURNA,TARDE,FIN DE SEMANA",,ACADÉMICA,"0,1,2,3,4,5,6,7,8,9,10,11,15,20,21,22,23,24,25,26,99","TRANSFORMEMOS,ESPERE,PROGRAMA PARA JÓVENES EN EXTRAEDAD Y ADULTOS,EDUCACIÓN TRADICIONAL,ACELERACIÓN DEL APRENDIZAJE,MODALIDAD VIRTUAL ASISTIDA UCN",,"SA-USUARIO DE LSC,SA-USUARIO DE CASTELLANO,SORDERA PROFUNDA,HIPOACUSIA O BAJA AUDICIÓN",,1,,OFICIAL,OFICIAL,NO APLICA,SI,A,,ESTRATO 1,iepolicarpasalavarrieta10@hotmail.com,05045
2016,TURBO,5,ANTIOQUIA,5837,TURBO,205837005524,I.E. PUEBLO BELLO,RURAL,CORREG. PUEBLO BELLO,824 34 91  824 36 18,MANUEL IGNACIO MORENO MARTINEZ,INSTITUCION EDUCATIVA,,,,"PREESCOLAR,MEDIA,BÁSICA SECUNDARIA,BÁSICA PRIMARIA","MAÑANA,TARDE,FIN DE SEMANA",,"OTRO,NO APLICA,ACADÉMICA","0,1,2,3,4,5,6,7,8,9,10,11,21,22,23,24,25,26,99","POST PRIMARIA,PROGRAMA PARA JÓVENES EN EXTRAEDAD Y ADULTOS,ESCUELA NUEVA,A CRECER,EDUCACIÓN TRADICIONAL,ACELERACIÓN DEL APRENDIZAJE,CAFAM,SER",,,,10,,OFICIAL,OFICIAL,NO APLICA,NO,A,,,iepueblobello@turboeducado.edu.co,05837
2016,TURBO,5,ANTIOQUIA,5837,TURBO,205837004129,I.E. PUERTO CESAR,RURAL,PTO. CESAR  VIA AL MAR POR TIO GIL,820 63 13,CONCEPCION CASTILLO DIAZ,INSTITUCION EDUCATIVA,,,,"PREESCOLAR,MEDIA,BÁSICA SECUNDARIA,BÁSICA PRIMARIA","MAÑANA,TARDE,FIN DE SEMANA",,"OTRO,ACADÉMICA","0,1,2,3,4,5,6,7,8,9,10,11,21,22,23,24,25,26,99","PROGRAMA PARA JÓVENES EN EXTRAEDAD Y ADULTOS,ESCUELA NUEVA,EDUCACIÓN TRADICIONAL,ACELERACIÓN DEL APRENDIZAJE,CAFAM,SAT",,,,4,,OFICIAL,OFICIAL,NO APLICA,NO,A,,ESTRATO 1,iepuertocesar@turboeducado.edu.co,05837
2016,TURBO,5,ANTIOQUIA,5837,TURBO,205837004161,I.E. PUNTA DE PIEDRA,RURAL,VDA. PUNTA DE PIEDRA,827 32 73,MARLEBIS MOSQUERA BARRIOS,INSTITUCION EDUCATIVA,,,,"PREESCOLAR,MEDIA,BÁSICA SECUNDARIA,BÁSICA PRIMARIA","MAÑANA,TARDE,FIN DE SEMANA",,"NO APLICA,ACADÉMICA","0,1,2,3,4,5,6,7,8,9,10,11,20,21,22,23,24,25,26","PROGRAMA PARA JÓVENES EN EXTRAEDAD Y ADULTOS,ESCUELA NUEVA,A CRECER,EDUCACIÓN TRADICIONAL,MODALIDAD VIRTUAL ASISTIDA UCN,SER",,,,4,,OFICIAL,OFICIAL,NO APLICA,NO,A,,,iepuntadepiedra@turboeducado.edu.co,05837
2016,ANTIOQUIA,5,ANTIOQUIA,5665,SAN PEDRO DE URABA,205665000517,I. E. R. ANTONIO NARIÑO,RURAL,CORREG. ZAPINDONGA,824 41 63,PATERNINA PINEDA JORGE ELIECER,INSTITUCION EDUCATIVA,,,,"PREESCOLAR,MEDIA,BÁSICA SECUNDARIA,BÁSICA PRIMARIA","MAÑANA,COMPLETA",,ACADÉMICA,"0,1,2,3,4,5,6,7,8,9,10,11","PREESCOLAR ESCOLARIZADO_,POST PRIMARIA,MEDIA RURAL,ESCUELA NUEVA,PREESCOLAR NO ESCOLARIZADO/SEMIESCOLARIZADO   ",,,,3,,OFICIAL,OFICIAL,NO APLICA,NO,A,,ESTRATO 1,ierantonionarinospu@gmail.com,05665
2016,ANTIOQUIA,5,ANTIOQUIA,5665,SAN PEDRO DE URABA,205665000525,C. E. R. ARENAS MONAS,RURAL,CORREG. ARENAS MONAS,824 40 38,SILVA RUIZ JUAN CARLOS,INSTITUCION EDUCATIVA,,,,"PREESCOLAR,MEDIA,BÁSICA SECUNDARIA,BÁSICA PRIMARIA","COMPLETA,FIN DE SEMANA",,ACADÉMICA,"0,1,2,3,4,5,6,7,8,9,10,11,21,22,99","PREESCOLAR ESCOLARIZADO_,POST PRIMARIA,ESCUELA NUEVA,PREESCOLAR NO ESCOLARIZADO/SEMIESCOLARIZADO   ,ACELERACIÓN DEL APRENDIZAJE,SER",,,,2,,OFICIAL,OFICIAL,NO APLICA,NO,A,,ESTRATO 1,ierarenasmonasanpedrodeu@tareanet.edu.co,05665
2016,ANTIOQUIA,5,ANTIOQUIA,5665,SAN PEDRO DE URABA,205665000789,C. E. R. BETANIA,RURAL,VDA. BETANIA,,VARILLA TORREGLOSA ALEXIS GERMAN,INSTITUCION EDUCATIVA,,,,"PREESCOLAR,MEDIA,BÁSICA SECUNDARIA,BÁSICA PRIMARIA","MAÑANA,COMPLETA,FIN DE SEMANA",,,"0,1,2,3,4,5,6,7,8,9,21,22,23,24,25,26","PREESCOLAR ESCOLARIZADO_,POST PRIMARIA,ESCUELA NUEVA,PREESCOLAR NO ESCOLARIZADO/SEMIESCOLARIZADO   ,EDUCACIÓN TRADICIONAL",,,,4,,OFICIAL,OFICIAL,NO APLICA,NO,A,,ESTRATO 1,ierbetania@hotmail.com,05665
2016,TURBO,5,ANTIOQUIA,5837,TURBO,205837000280,I.E. RIO GRANDE,RURAL,CLL PRINCIPAL,827 02 51-824 37 12,CARLOS ARTURO SALCEDO GUEVARA,INSTITUCION EDUCATIVA,,,,"PREESCOLAR,MEDIA,BÁSICA SECUNDARIA,BÁSICA PRIMARIA","MAÑANA,TARDE,FIN DE SEMANA",,"OTRO,NO APLICA,ACADÉMICA","0,1,2,3,4,5,6,7,8,9,10,11,20,21,22,23,24,25,26","PROGRAMA PARA JÓVENES EN EXTRAEDAD Y ADULTOS,A CRECER,ESCUELA NUEVA,EDUCACIÓN TRADICIONAL,CAFAM,MODALIDAD VIRTUAL ASISTIDA UCN,SER",,,,4,,OFICIAL,OFICIAL,NO APLICA,NO,A,,,ieriogrande@turboeducado.edu.co,05837
2016,ANTIOQUIA,5,ANTIOQUIA,5665,SAN PEDRO DE URABA,205665000428,I. E. R. LAS PAVAS,RURAL,VDA. LAS PAVAS,8205977,SIN PLAZA,INSTITUCION EDUCATIVA,,,,"PREESCOLAR,MEDIA,BÁSICA SECUNDARIA,BÁSICA PRIMARIA","MAÑANA,COMPLETA",,ACADÉMICA,"0,1,2,3,4,5,6,7,8,9,10,11,99","PREESCOLAR ESCOLARIZADO_,POST PRIMARIA,MEDIA RURAL,ESCUELA NUEVA,PREESCOLAR NO ESCOLARIZADO/SEMIESCOLARIZADO   ,ACELERACIÓN DEL APRENDIZAJE",,,,4,,OFICIAL,OFICIAL,NO APLICA,SI,A,,ESTRATO 1,ierlaspavasanpedrodeu@tareanet.edu.co,05665
2016,ANTIOQUIA,5,ANTIOQUIA,5665,SAN PEDRO DE URABA,205665000100,I. E. R. LOS ALMENDROS,RURAL,VDA. LOS ALMENDROS,820 55 02,SIN PLAZA,INSTITUCION EDUCATIVA,,,,"PREESCOLAR,MEDIA,BÁSICA SECUNDARIA,BÁSICA PRIMARIA","MAÑANA,COMPLETA,NOCTURNA",,ACADÉMICA,"0,1,2,3,4,5,6,7,8,9,10,11,21","PREESCOLAR ESCOLARIZADO_,MEDIA RURAL,ESCUELA NUEVA,PREESCOLAR NO ESCOLARIZADO/SEMIESCOLARIZADO   ,EDUCACIÓN TRADICIONAL,TELESECUNDARIA",,,,7,,OFICIAL,OFICIAL,NO APLICA,SI,A,,ESTRATO 1,ierlosalmendrosanpedrodeu@tareanet.edu.co,05665
2016,APARTADO,5,ANTIOQUIA,5045,APARTADÓ,205045000576,I.E.R. PEDRONEL DURANGO,RURAL,ZUNGO CARRETERA,829 63 31,ADIELA BERRIO LORA,INSTITUCION EDUCATIVA,"EMBERA CHAMI,EMBERA CATIO O EMBERA KATÍO,EMBERA",,,"PREESCOLAR,MEDIA,BÁSICA SECUNDARIA,BÁSICA PRIMARIA","MAÑANA,NOCTURNA,TARDE,FIN DE SEMANA",,ACADÉMICA,"0,1,2,3,4,5,6,7,8,9,10,11,20,21,22,23,24,25,26,99","PREESCOLAR ESCOLARIZADO_,TRANSFORMEMOS,ESPERE,PROGRAMA PARA JÓVENES EN EXTRAEDAD Y ADULTOS,ESCUELA NUEVA,A CRECER,PREESCOLAR NO ESCOLARIZADO/SEMIESCOLARIZADO   ,EDUCACIÓN TRADICIONAL,ACELERACIÓN DEL APRENDIZAJE,MODALIDAD VIRTUAL ASISTIDA UCN",,,,3,,OFICIAL,OFICIAL,NO APLICA,SI,A,,ESTRATO 1,ierpedu@gmail.com,05045
2016,APARTADO,5,ANTIOQUIA,5045,APARTADÓ,205045000134,I.E.R. EL REPOSO,RURAL,CORREG. EL REPOSO,829 62 16,AZAEL LOZANO ARBOLEDA,INSTITUCION EDUCATIVA,"EMBERA CHAMI,EMBERA CATIO O EMBERA KATÍO,EMBERA",,,"PREESCOLAR,MEDIA,BÁSICA SECUNDARIA,BÁSICA PRIMARIA","MAÑANA,ÚNICA,NOCTURNA,TARDE,FIN DE SEMANA",,ACADÉMICA,"0,1,2,3,4,5,6,7,8,9,10,11,20,21,22,23,24,25,26,99","ESPERE,PREESCOLAR ESCOLARIZADO_,TRANSFORMEMOS,PROGRAMA PARA JÓVENES EN EXTRAEDAD Y ADULTOS,ESCUELA NUEVA,PREESCOLAR NO ESCOLARIZADO/SEMIESCOLARIZADO   ,EDUCACIÓN TRADICIONAL,ACELERACIÓN DEL APRENDIZAJE,MODALIDAD VIRTUAL ASISTIDA UCN",,,,3,,OFICIAL,OFICIAL,NO APLICA,SI,A,,ESTRATO 1,ier.reposo@gmail.com,05045
2016,ANTIOQUIA,5,ANTIOQUIA,5665,SAN PEDRO DE URABA,405665000443,C.E.R. SAN PABLO APOSTOL,RURAL,VDA. EL CAIMAN,,ESPITIA CARRASCAL MIGUEL RAMON,INSTITUCION EDUCATIVA,,,,"PREESCOLAR,MEDIA,BÁSICA SECUNDARIA,BÁSICA PRIMARIA","MAÑANA,COMPLETA,FIN DE SEMANA",,ACADÉMICA,"0,1,2,3,4,5,6,7,8,9,10,11,21","PREESCOLAR ESCOLARIZADO_,MEDIA RURAL,ESCUELA NUEVA,PREESCOLAR NO ESCOLARIZADO/SEMIESCOLARIZADO   ,EDUCACIÓN TRADICIONAL,TELESECUNDARIA",,,,5,,OFICIAL,OFICIAL,NO APLICA,NO,A,,ESTRATO 1,ier.sanpablo.a@gmail.com,05665
2016,ANTIOQUIA,5,ANTIOQUIA,5665,SAN PEDRO DE URABA,205665000576,I. E. R. SANTA CATALINA,RURAL,CORREG. SANTA CATALINA,8205502,FRANCO QUINTERO LUZ MARINA,INSTITUCION EDUCATIVA,,,,"PREESCOLAR,MEDIA,BÁSICA SECUNDARIA,BÁSICA PRIMARIA","MAÑANA,COMPLETA,FIN DE SEMANA",,ACADÉMICA,"0,1,2,3,4,5,6,7,8,9,10,11,21,99","PREESCOLAR ESCOLARIZADO_,MEDIA RURAL,ESCUELA NUEVA,PREESCOLAR NO ESCOLARIZADO/SEMIESCOLARIZADO   ,EDUCACIÓN TRADICIONAL,ACELERACIÓN DEL APRENDIZAJE,MODALIDAD VIRTUAL ASISTIDA UCN",,,,9,,OFICIAL,OFICIAL,NO APLICA,NO,A,,ESTRATO 1,iersantacatalinaspu@tareanet.edu.co,05665
2016,ANTIOQUIA,5,ANTIOQUIA,5659,SAN JUAN DE URABÁ,205051000758,I. E. R. UVEROS,RURAL,CORREG UVEROS,8243533,MADRID VILORIA MANUEL ESTEBAN,INSTITUCION EDUCATIVA,,,,"PREESCOLAR,MEDIA,BÁSICA SECUNDARIA,BÁSICA PRIMARIA","MAÑANA,TARDE,FIN DE SEMANA",,ACADÉMICA,"0,1,2,3,4,5,6,7,8,9,10,11,21,23,24,25,26","PROGRAMA PARA JÓVENES EN EXTRAEDAD Y ADULTOS,EDUCACIÓN TRADICIONAL,MODALIDAD VIRTUAL ASISTIDA UCN",,,,3,,OFICIAL,OFICIAL,NO APLICA,NO,A,,ESTRATO 1,ieruraluveros@gmail.com  SJUIERUVEROS@tareanet.edu.co,05659
2016,ANTIOQUIA,5,ANTIOQUIA,5665,SAN PEDRO DE URABA,205665000886,C. E. R. EL ZUMBIDO,RURAL,VDA. ZUMBIDO,,MOSQUERA COSSIO ALAIN AMERICO,INSTITUCION EDUCATIVA,,,,"PREESCOLAR,BÁSICA SECUNDARIA,BÁSICA PRIMARIA","MAÑANA,COMPLETA",,,"0,1,2,3,4,5,6,7,8,9","PREESCOLAR ESCOLARIZADO_,ESCUELA NUEVA,PREESCOLAR NO ESCOLARIZADO/SEMIESCOLARIZADO   ,TELESECUNDARIA",,,,4,,OFICIAL,OFICIAL,NO APLICA,NO,A,,ESTRATO 1,ierzumbidosanpedrodeu@tareanet.edu.co,05665
2016,ANTIOQUIA,5,ANTIOQUIA,5147,CAREPA,205045000363,I. E. R. ZUNGO EMBARCADERO,"RURAL,URBANA",CORREG. ZUNGO EMBARCADERO,8234550,MORENO MENDOZA OLGA LUCIA,INSTITUCION EDUCATIVA,,,,"PREESCOLAR,MEDIA,BÁSICA SECUNDARIA,BÁSICA PRIMARIA","MAÑANA,NOCTURNA,TARDE,FIN DE SEMANA",,ACADÉMICA,"0,1,2,3,4,5,6,7,8,9,10,11,21,22,23,24,25,26,99","PROGRAMA PARA JÓVENES EN EXTRAEDAD Y ADULTOS,ESCUELA NUEVA,EDUCACIÓN TRADICIONAL,ACELERACIÓN DEL APRENDIZAJE,MODALIDAD VIRTUAL ASISTIDA UCN,SER",,,,4,,OFICIAL,OFICIAL,NO APLICA,NO,A,,ESTRATO 1,ierzungoembarcadero.carepa@gmail.com,05147
2016,TURBO,5,ANTIOQUIA,5837,TURBO,105837001150,I.E. SAGRADO CORAZÓN DE JESÚS,URBANA,KR 16 X CL 101,8275606,JOSE CLARK BEAN BARCO,INSTITUCION EDUCATIVA,,,,"PREESCOLAR,MEDIA,BÁSICA SECUNDARIA,BÁSICA PRIMARIA","MAÑANA,NOCTURNA,TARDE",,ACADÉMICA,"0,1,2,3,4,5,6,7,8,9,10,11,21,22","EDUCACIÓN TRADICIONAL,CAFAM",,,,1,,OFICIAL,OFICIAL,NO APLICA,NO,A,,,iesagrado@turboeducado.edu.co,05837
2016,TURBO,5,ANTIOQUIA,5837,TURBO,205837005290,I.E. COMUNAL SAN JORGE LA PIÑA,RURAL,SAN JORGE,8273273,LEISY VALDEZ MURILLO,INSTITUCION EDUCATIVA,,,,"PREESCOLAR,MEDIA,BÁSICA SECUNDARIA,BÁSICA PRIMARIA,PRIMERA INFANCIA","MAÑANA,TARDE,FIN DE SEMANA",,"OTRO,NO APLICA,ACADÉMICA","-3,-1,0,1,2,3,4,5,6,7,8,9,10,11,21,22,23,24,25,26","PROGRAMA PARA JÓVENES EN EXTRAEDAD Y ADULTOS,ESCUELA NUEVA,A CRECER,EDUCACIÓN TRADICIONAL,CAFAM,SAT,MODALIDAD VIRTUAL ASISTIDA UCN",,,,5,,OFICIAL,OFICIAL,NO APLICA,NO,A,,,iesanjorge@turboeducado.edu.co,05837
2016,TURBO,5,ANTIOQUIA,5837,TURBO,405837006015,C.E. PUERTO BOY,RURAL,VEREDA PUERTO BOY,8273273,JAIME LUIS SALGADO GRANDETT,INSTITUCION EDUCATIVA,,,,"PREESCOLAR,BÁSICA SECUNDARIA,BÁSICA PRIMARIA","MAÑANA,FIN DE SEMANA",,,"0,1,2,3,4,5,6,7,8,9,21","ESCUELA NUEVA,EDUCACIÓN TRADICIONAL,SER",,,,4,,OFICIAL,OFICIAL,NO APLICA,NO,A,,,iesanjorge@turboeducado.edu.co,05837
2016,APARTADO,5,ANTIOQUIA,5045,APARTADÓ,105045010721,I.E. SAN JOSÉ OBRERO,URBANA,KR 95 104 A 07,8282735,AMANCIO MORENO SALAS,INSTITUCION EDUCATIVA,,,,"PREESCOLAR,MEDIA,BÁSICA SECUNDARIA,BÁSICA PRIMARIA","MAÑANA,NOCTURNA,TARDE,FIN DE SEMANA",,ACADÉMICA,"0,1,2,3,4,5,6,7,8,9,10,11,21,22,23,24,25,26","ESPERE,TRANSFORMEMOS,PROGRAMA PARA JÓVENES EN EXTRAEDAD Y ADULTOS,EDUCACIÓN TRADICIONAL",,,,1,,OFICIAL,OFICIAL,NO APLICA,SI,A,,,iesanjoseobrero2@gmail.com,05045
2016,TURBO,5,ANTIOQUIA,5837,TURBO,205837000042,I.E. SAN JOSE DE MULATOS,RURAL,CORREGIMIENTO SAN JOSE DE MULATOS,,JOSE DE LA CRUZ MENA MORENO,INSTITUCION EDUCATIVA,,,,"PREESCOLAR,MEDIA,BÁSICA SECUNDARIA,BÁSICA PRIMARIA","MAÑANA,TARDE,FIN DE SEMANA",,"OTRO,NO APLICA,ACADÉMICA","0,1,2,3,4,5,6,7,8,9,10,11,20,21,22,23,24,25,26","PROGRAMA PARA JÓVENES EN EXTRAEDAD Y ADULTOS,ESCUELA NUEVA,EDUCACIÓN TRADICIONAL,CAFAM,MODALIDAD VIRTUAL ASISTIDA UCN",,,,10,,OFICIAL,OFICIAL,NO APLICA,NO,A,,,iesanjose@turboeducado.edu.co,05837
2016,TURBO,5,ANTIOQUIA,5837,TURBO,105837000242,I.E. SAN MARTIN DE PORRES,URBANA,CL 100 15 82,8278567,AGAMEZ URANGO ALFONSO ,INSTITUCION EDUCATIVA,,,,"PREESCOLAR,MEDIA,BÁSICA SECUNDARIA,BÁSICA PRIMARIA","MAÑANA,NOCTURNA,TARDE,FIN DE SEMANA",,"OTRO,NO APLICA,ACADÉMICA","-2,-1,0,1,2,3,4,5,6,7,8,9,10,11,20,21,22,23,24,25,26,99","PROGRAMA PARA JÓVENES EN EXTRAEDAD Y ADULTOS,A CRECER,EDUCACIÓN TRADICIONAL,ACELERACIÓN DEL APRENDIZAJE,CAFAM,MODALIDAD VIRTUAL ASISTIDA UCN",,,,5,,OFICIAL,OFICIAL,NO APLICA,NO,A,,ESTRATO 1,iesanmartin@turboeducado.edu.co,05837
2016,APARTADO,5,ANTIOQUIA,5045,APARTADÓ,305045001658,I.E. SAN PEDRO CLAVER,URBANA,AV 103 81 30,826 55 38,HECTOR HINESTROZA PALACIOS,INSTITUCION EDUCATIVA,,,,"PREESCOLAR,MEDIA,BÁSICA SECUNDARIA,BÁSICA PRIMARIA","MAÑANA,NOCTURNA,TARDE,FIN DE SEMANA",,ACADÉMICA,"0,1,2,3,4,5,6,7,8,9,10,11,20,21,22,23,24,25,26,99","TRANSFORMEMOS,ESPERE,PROGRAMA PARA JÓVENES EN EXTRAEDAD Y ADULTOS,A CRECER,EDUCACIÓN TRADICIONAL,ACELERACIÓN DEL APRENDIZAJE,MODALIDAD VIRTUAL ASISTIDA UCN",,,,2,,OFICIAL,OFICIAL,NO APLICA,SI,A,,ESTRATO 2,iesanpedroclaver@gmail.com,05045
2016,TURBO,5,ANTIOQUIA,5837,TURBO,105837003870,I.E. SANTA FE,URBANA,CL 115 6 60,8277108,OSNAY HENAO VALENCIA,INSTITUCION EDUCATIVA,,,,"PREESCOLAR,MEDIA,BÁSICA SECUNDARIA,BÁSICA PRIMARIA","MAÑANA,NOCTURNA,TARDE,FIN DE SEMANA",,"OTRO,NO APLICA,ACADÉMICA","0,1,2,3,4,5,6,7,8,9,10,11,20,21,22,23,24,25,26,99","PROGRAMA PARA JÓVENES EN EXTRAEDAD Y ADULTOS,A CRECER,EDUCACIÓN TRADICIONAL,CIRCULOS DE APRENDIZAJE,ACELERACIÓN DEL APRENDIZAJE,CAFAM,SER,MODALIDAD VIRTUAL ASISTIDA UCN",,,,3,,OFICIAL,OFICIAL,NO APLICA,NO,A,,,iesantafe@turboeducado.edu.co,05837
2016,TURBO,5,ANTIOQUIA,5837,TURBO,205837001880,I.E. SAN VICENTE DEL CONGO,"RURAL,URBANA",CORREG. SAN VICENTE,8243250,DENIS LOURIDO PALACIOS,INSTITUCION EDUCATIVA,,,,"PREESCOLAR,MEDIA,BÁSICA SECUNDARIA,BÁSICA PRIMARIA","MAÑANA,NOCTURNA,TARDE,FIN DE SEMANA",,"OTRO,NO APLICA,ACADÉMICA","0,1,2,3,4,5,6,7,8,9,10,11,20,21,22,23,24,25,26","PROGRAMA PARA JÓVENES EN EXTRAEDAD Y ADULTOS,ESCUELA NUEVA,EDUCACIÓN TRADICIONAL,CAFAM,SAT,SER,MODALIDAD VIRTUAL ASISTIDA UCN",,,,14,,OFICIAL,OFICIAL,NO APLICA,NO,A,,ESTRATO 1,iesanvicente@turboeducado.edu.co,05837
2016,APARTADO,5,ANTIOQUIA,5045,APARTADÓ,105045001527,I.E. SANTA MARIA DE LA ANTIGUA,URBANA,CL 102 C 81 44,826 54 33,PRAXEDES GERTRUDIS GARCÍA OYOLA,INSTITUCION EDUCATIVA,,,,"PREESCOLAR,MEDIA,BÁSICA SECUNDARIA,BÁSICA PRIMARIA","MAÑANA,NOCTURNA,TARDE,FIN DE SEMANA",,ACADÉMICA,"0,1,2,3,4,5,6,7,8,9,10,11,20,21,22,23,24,25,26","ESPERE,TRANSFORMEMOS,PROGRAMA PARA JÓVENES EN EXTRAEDAD Y ADULTOS,EDUCACIÓN TRADICIONAL,MODALIDAD VIRTUAL ASISTIDA UCN",,,,1,,OFICIAL,OFICIAL,NO APLICA,SI,A,,ESTRATO 1,iesmaria13@gmail.com,05045
2016,TURBO,5,ANTIOQUIA,5837,TURBO,105837006097,I.E. TURBO,"RURAL,URBANA",CL 100 18 24,8272139,CANDIDA STUARD SALAS,INSTITUCION EDUCATIVA,,,,"PREESCOLAR,MEDIA,BÁSICA SECUNDARIA,BÁSICA PRIMARIA","MAÑANA,TARDE,FIN DE SEMANA",,"OTRO,NO APLICA,INDUSTRIAL,COMERCIAL,ACADÉMICA","0,1,2,3,4,5,6,7,8,9,10,11,21,22","PROGRAMA PARA JÓVENES EN EXTRAEDAD Y ADULTOS,A CRECER,EDUCACIÓN TRADICIONAL,CAFAM",,,,2,,OFICIAL,OFICIAL,NO APLICA,NO,A,,,ieturbo@turboeducado.edu.co,05837
2016,TURBO,5,ANTIOQUIA,5837,TURBO,205837003670,I.E. VILLA MARIA,RURAL,VDA. VILLA MARIA,8220522,JOSE MARIA TEHERAN FUENTES,INSTITUCION EDUCATIVA,,,,"PREESCOLAR,MEDIA,BÁSICA SECUNDARIA,BÁSICA PRIMARIA","MAÑANA,TARDE,FIN DE SEMANA",,"OTRO,NO APLICA,ACADÉMICA","0,1,2,3,4,5,6,7,8,9,10,11,20,21,23","PROGRAMA PARA JÓVENES EN EXTRAEDAD Y ADULTOS,ESCUELA NUEVA,EDUCACIÓN TRADICIONAL,CAFAM,SAT,MODALIDAD VIRTUAL ASISTIDA UCN,SER",,,,7,,OFICIAL,OFICIAL,NO APLICA,NO,A,,ESTRATO 1,ievillamaria@turboeducado.edu.co,05837
2016,ANTIOQUIA,5,ANTIOQUIA,5120,CÁCERES,205120000315,I. E. MANIZALES,"URBANA,RURAL",CORREG. MANIZALES,836 22 26 y 3128133209,ARDILA RAMIREZ INEDIT MARIA,INSTITUCION EDUCATIVA,,,,"PREESCOLAR,BÁSICA SECUNDARIA,BÁSICA PRIMARIA","COMPLETA,FIN DE SEMANA",,,"0,1,2,3,4,5,6,7,8,9,21,99","ESPERE,ESCUELA NUEVA,EDUCACIÓN TRADICIONAL,ACELERACIÓN DEL APRENDIZAJE",,,,4,,OFICIAL,OFICIAL,NO APLICA,NO,A,,"ESTRATO 2,ESTRATO 1",inedith@hotmial.com,05120
2016,ANTIOQUIA,5,ANTIOQUIA,5051,ARBOLETES,405051008171,I.E.SAN SEBASTIAN,URBANA,IND CLL ANTIGUO COLISEO,820 05 88,LOPEZ VARGAS OSCAR ARMANDO ,INSTITUCION EDUCATIVA,,,,"PREESCOLAR,MEDIA,BÁSICA SECUNDARIA,BÁSICA PRIMARIA","NOCTURNA,TARDE,FIN DE SEMANA",,ACADÉMICA,"-2,-1,0,1,2,3,4,5,6,7,8,9,10,11,21,22,23,24,25,26","PROGRAMA PARA JÓVENES EN EXTRAEDAD Y ADULTOS,EDUCACIÓN TRADICIONAL",,,,1,,PERSONA NATURAL,PERSONA NATURAL,NO APLICA,NO,A,,ESTRATO 2,info@fundacionsansebastian.educ.co,05051
2016,ANTIOQUIA,5,ANTIOQUIA,5147,CAREPA,205147000147,I. E. R. LA CADENA,RURAL,VDA. LA CADENA,823 84 52,DIONNY YULIETH ECHAVARRIA,INSTITUCION EDUCATIVA,,,,"PREESCOLAR,MEDIA,BÁSICA SECUNDARIA,BÁSICA PRIMARIA","MAÑANA,NOCTURNA,TARDE,FIN DE SEMANA",,ACADÉMICA,"0,1,2,3,4,5,6,7,8,9,10,11,21,99","EDUCACIÓN TRADICIONAL,ACELERACIÓN DEL APRENDIZAJE,MODALIDAD VIRTUAL ASISTIDA UCN",,,,1,,OFICIAL,OFICIAL,NO APLICA,SI,A,,ESTRATO 1,insticadena2012@gmail.com,05147
2016,APARTADO,5,ANTIOQUIA,5045,APARTADÓ,105045000393,I.E. ALFONSO LOPEZ,URBANA,IND CR 79B  79A-60,826 15 55,CIRILO MENA PALACIOS,INSTITUCION EDUCATIVA,,,,"PREESCOLAR,MEDIA,BÁSICA SECUNDARIA,BÁSICA PRIMARIA,PRIMERA INFANCIA","MAÑANA,NOCTURNA,TARDE,FIN DE SEMANA",,ACADÉMICA,"-3,0,1,2,3,4,5,6,7,8,9,10,11,20,21,22,23,24,25,26","TRANSFORMEMOS,ESPERE,PROGRAMA PARA JÓVENES EN EXTRAEDAD Y ADULTOS,A CRECER,EDUCACIÓN TRADICIONAL,MODALIDAD VIRTUAL ASISTIDA UCN",,,,1,,OFICIAL,OFICIAL,NO APLICA,NO,A,,ESTRATO 1,institucionalfonsolopez@hotmail.com,05045
2016,ANTIOQUIA,5,ANTIOQUIA,5665,SAN PEDRO DE URABA,205665000495,C.E.R. LOS ALMAGROS,RURAL,VDA. LAS ALMAGRAS,820 50 33,GARCES MORALES ALFREDO MIGUEL,INSTITUCION EDUCATIVA,,,,"PREESCOLAR,MEDIA,BÁSICA SECUNDARIA,BÁSICA PRIMARIA","MAÑANA,COMPLETA",,ACADÉMICA,"0,1,2,3,4,5,6,7,8,9,10,11,22,23,24,25","PREESCOLAR ESCOLARIZADO_,ESCUELA NUEVA,PREESCOLAR NO ESCOLARIZADO/SEMIESCOLARIZADO   ,TELESECUNDARIA,EDUCACIÓN TRADICIONAL",,,,6,,OFICIAL,OFICIAL,NO APLICA,NO,A,,"ESTRATO 2,ESTRATO 1",institucion_educativa_almagros@hotmail.com,05665
2016,ANTIOQUIA,5,ANTIOQUIA,5147,CAREPA,205147000996,I.E.R. LA PROVINCIA,"URBANA,RURAL",VDA. LA PROVINCIA,8236828,TUÑON TORRES ROGELIO ISAAC,INSTITUCION EDUCATIVA,,,,"PREESCOLAR,MEDIA,BÁSICA SECUNDARIA,BÁSICA PRIMARIA","MAÑANA,COMPLETA,NOCTURNA,TARDE,FIN DE SEMANA",,ACADÉMICA,"0,1,2,3,4,5,6,7,8,9,10,11,21,22,23,24,25,26,99","PREESCOLAR ESCOLARIZADO_,POST PRIMARIA,MEDIA RURAL,ESCUELA NUEVA,PREESCOLAR NO ESCOLARIZADO/SEMIESCOLARIZADO   ,EDUCACIÓN TRADICIONAL,ACELERACIÓN DEL APRENDIZAJE,MODALIDAD VIRTUAL ASISTIDA UCN,SER",,,,2,,OFICIAL,OFICIAL,NO APLICA,SI,A,,"ESTRATO 2,ESTRATO 1",institucioneducativaplayon@gmail.com,05147
2016,ANTIOQUIA,5,ANTIOQUIA,5120,CÁCERES,205120000081,I. E. GUARUMO,"URBANA,RURAL",VDA EL GUARUMO ,830 89 85,COBOS BENITEZ JORGE LUIS,INSTITUCION EDUCATIVA,,,,"PREESCOLAR,MEDIA,BÁSICA SECUNDARIA,BÁSICA PRIMARIA","MAÑANA,TARDE,FIN DE SEMANA",,ACADÉMICA,"0,1,2,3,4,5,6,7,8,9,10,11,21,22,23,24,25,26","ESCUELA NUEVA,EDUCACIÓN TRADICIONAL,SER,MODALIDAD VIRTUAL ASISTIDA UCN",,,,4,,OFICIAL,OFICIAL,NO APLICA,NO,A,,"ESTRATO 2,ESTRATO 1",institucionguarumo@hotmail.com,05120
2016,ANTIOQUIA,5,ANTIOQUIA,5665,SAN PEDRO DE URABA,105665000041,I. E. SAN PEDRO DE URABA,"RURAL,URBANA",CL 52 A 47 70,8205338,RIVAS DIAZ EVARISTO DARIO,INSTITUCION EDUCATIVA,,,,"PREESCOLAR,MEDIA,BÁSICA SECUNDARIA,BÁSICA PRIMARIA","MAÑANA,COMPLETA,NOCTURNA,TARDE,FIN DE SEMANA",,"AGROPECUARIO,ACADÉMICA","0,1,2,3,4,5,6,7,8,9,10,11,21,22,23,24,25,26,99","PREESCOLAR ESCOLARIZADO_,PROGRAMA PARA JÓVENES EN EXTRAEDAD Y ADULTOS,ESCUELA NUEVA,PREESCOLAR NO ESCOLARIZADO/SEMIESCOLARIZADO   ,Formación para la reintegración,EDUCACIÓN TRADICIONAL,ACELERACIÓN DEL APRENDIZAJE,MODALIDAD VIRTUAL ASISTIDA UCN,SER",,,,5,,OFICIAL,OFICIAL,NO APLICA,NO,A,,ESTRATO 1,institucionsanpedro@hotmail.com  institucionsanpedro@tareanet.edu.co,05665
2016,APARTADO,5,ANTIOQUIA,5045,APARTADÓ,305045010703,INSTITUTO DE EDUCACION FORMAL CENTRO DE SISTEMAS,URBANA,KR 97 95 08,,MIGUEL ALEXANDER CORREDOR VELASQUEZ,CENTRO EDUCATIVO,,,,"MEDIA,BÁSICA SECUNDARIA",FIN DE SEMANA,,ACADÉMICA,"23,24,25,26",PROGRAMA PARA JÓVENES EN EXTRAEDAD Y ADULTOS,,,,1,,PERSONA NATURAL,PERSONA NATURAL,NO APLICA,NO,A,,,institutocds@apartado.gov.co,05045
2016,APARTADO,5,ANTIOQUIA,5045,APARTADÓ,405045000338,INSTITUTO UNIBAN                                                                                    ,RURAL,KM 7,8296600,ARANGO ARISTIZABAL NELLY YANETH,INSTITUCION EDUCATIVA,,,,"PREESCOLAR,MEDIA,BÁSICA SECUNDARIA,BÁSICA PRIMARIA",COMPLETA,,ACADÉMICA,"-2,-1,0,1,2,3,4,5,6,7,8,9,10,11",EDUCACIÓN TRADICIONAL,,,,1,,PERSONA NATURAL,PERSONA NATURAL,NO APLICA,NO,A,,ESTRATO 3,institutouniban@apartado.gov.co,05045
2016,ANTIOQUIA,5,ANTIOQUIA,5147,CAREPA,105147000045,I. E. LUIS CARLOS GALAN SARMIENTO,URBANA,CL 80 73 00,8237378,BETANCUR LESCANO CARLOS ALBERTO,INSTITUCION EDUCATIVA,,,,"PREESCOLAR,MEDIA,BÁSICA SECUNDARIA,BÁSICA PRIMARIA","MAÑANA,NOCTURNA,TARDE,FIN DE SEMANA",,ACADÉMICA,"0,1,2,3,4,5,6,7,8,9,10,11,21,22,23,24,25,26,99","PROGRAMA PARA JÓVENES EN EXTRAEDAD Y ADULTOS,EDUCACIÓN TRADICIONAL,ACELERACIÓN DEL APRENDIZAJE,MODALIDAD VIRTUAL ASISTIDA UCN,SER",,,,3,,OFICIAL,OFICIAL,NO APLICA,SI,A,,ESTRATO 1,liceogalan@yahoo.es,05147
2016,TURBO,5,ANTIOQUIA,5837,TURBO,305837005171,COLEGIO GIMNASIO PILARES DEL SABER,URBANA,KR 19 CL 101,8273098,BEATRIZ ELENA BLANDON DIAZ,INSTITUCION EDUCATIVA,,,,"PREESCOLAR,MEDIA,BÁSICA SECUNDARIA,BÁSICA PRIMARIA",COMPLETA,,ACADÉMICA,"-2,-1,0,1,2,3,4,5,6,7,8,9,10,11",EDUCACIÓN TRADICIONAL,,,,1,,PERSONA NATURAL,PERSONA NATURAL,NO APLICA,NO,A,,,lsaenz192@latinmail.com,05837
2016,TURBO,5,ANTIOQUIA,5837,TURBO,405837004861,COL. INTERAMERICANO NUEVA COLONIA,RURAL,BARR UNIBAN,8210092,DE LA CRUZ MENA LUDIS ESTHER,CENTRO EDUCATIVO,,,,"PREESCOLAR,BÁSICA SECUNDARIA,BÁSICA PRIMARIA","MAÑANA,TARDE",,,"0,1,2,3,4,5,6,7,8","ESCUELA NUEVA,EDUCACIÓN TRADICIONAL",,,,1,,COMUNIDAD RELIGIOSA,COMUNIDAD RELIGIOSA,NO APLICA,NO,A,,,lusesther2015@hotmail.com,05837
2016,APARTADO,5,ANTIOQUIA,5045,APARTADÓ,105045000164,I.E. MADRE LAURA,URBANA,CL 99 A 104 12,828 6051,CORDOBA PALACIOS ROSALÍA,INSTITUCION EDUCATIVA,,,,"PREESCOLAR,MEDIA,BÁSICA SECUNDARIA,BÁSICA PRIMARIA","MAÑANA,NOCTURNA,TARDE",,"OTRO,ACADÉMICA","0,1,2,3,4,5,6,7,8,9,10,11,21","EDUCACIÓN TRADICIONAL,MODALIDAD VIRTUAL ASISTIDA UCN",,,,2,,OFICIAL,OFICIAL,NO APLICA,NO,A,,ESTRATO 1,madrelaura2009@hotmail.es,05045
2016,ANTIOQUIA,5,ANTIOQUIA,5120,CÁCERES,205120001303,C. E. R. EL ANARA,RURAL,VDA ANARA,836 22 26 y 3136577219,TORRES VERGARA MARTA INES,INSTITUCION EDUCATIVA,,,,"PREESCOLAR,BÁSICA SECUNDARIA,BÁSICA PRIMARIA",COMPLETA,,,"0,1,2,3,4,5,6,7,8,9","POST PRIMARIA,ESCUELA NUEVA",,,,6,,OFICIAL,OFICIAL,NO APLICA,NO,A,,ESTRATO 1,mayife27@yahoo.es,05120
2016,TURBO,5,ANTIOQUIA,5837,TURBO,205837003742,I.E. VEINTINUEVE DE NOVIEMBRE,"RURAL,URBANA",CORREG. NUEVA COLONI,8211173,ANA CRISTINA SERNA ZAPATA,INSTITUCION EDUCATIVA,,,,"PREESCOLAR,MEDIA,BÁSICA SECUNDARIA,BÁSICA PRIMARIA","MAÑANA,TARDE,FIN DE SEMANA",,"OTRO,NO APLICA,ACADÉMICA","0,1,2,3,4,5,6,7,8,9,10,11,20,21,22,23,24,25,26","PROGRAMA PARA JÓVENES EN EXTRAEDAD Y ADULTOS,A CRECER,EDUCACIÓN TRADICIONAL,CAFAM,SAT,MODALIDAD VIRTUAL ASISTIDA UCN",,,,5,,OFICIAL,OFICIAL,NO APLICA,NO,A,,ESTRATO 1,municipiodeturbo@yahoo.com,05837
2016,TURBO,5,ANTIOQUIA,5837,TURBO,305837002201,COL. ADVENTISTA DE TURBO,URBANA,KR 14 102 30,8273814,WASHINTON ORTEGA,INSTITUCION EDUCATIVA,,,,"PREESCOLAR,MEDIA,BÁSICA SECUNDARIA,BÁSICA PRIMARIA","MAÑANA,TARDE",,COMERCIAL,"0,1,2,3,4,5,6,7,8,9,10,11",EDUCACIÓN TRADICIONAL,,,,1,,COMUNIDAD RELIGIOSA,COMUNIDAD RELIGIOSA,NO APLICA,NO,A,,,municipiodeturbo@yahoo.com,05837
2016,APARTADO,5,ANTIOQUIA,5045,APARTADÓ,305045001739,INSTITUTO EDUCATIVO NUEVO HORIZONTE                                                                 ,URBANA,CL 109 A KR 84,8266607,NARANJO ZAMBRANO MIRNA,INSTITUCION EDUCATIVA,,,,"PREESCOLAR,MEDIA,BÁSICA SECUNDARIA,BÁSICA PRIMARIA","MAÑANA,TARDE,FIN DE SEMANA",,ACADÉMICA,"0,1,2,3,4,5,6,7,8,9,10,11,21,22,23,24,25,26","PROGRAMA PARA JÓVENES EN EXTRAEDAD Y ADULTOS,EDUCACIÓN TRADICIONAL",,,INGLÉS,1,,PERSONA NATURAL,PERSONA NATURAL,NO APLICA,NO,A,,ESTRATO 2,nuevohorizonte@apartado.gov.co,05045
2016,APARTADO,5,ANTIOQUIA,5045,APARTADÓ,205045000096,I.E.R. CHURIDO PUEBLO,RURAL,CORREG. CHURIDO PUEBLO,3135377081 - 3122352920,CETRE IBARGUEN JESUS ORLANDO,INSTITUCION EDUCATIVA,"EMBERA CHAMI,EMBERA CATIO O EMBERA KATÍO,EMBERA",,,"PREESCOLAR,MEDIA,BÁSICA SECUNDARIA,BÁSICA PRIMARIA","MAÑANA,NOCTURNA,TARDE,FIN DE SEMANA",,ACADÉMICA,"0,1,2,3,4,5,6,7,8,9,10,11,20,21,22,23,24,25,26,99","PREESCOLAR ESCOLARIZADO_,ESPERE,TRANSFORMEMOS,PROGRAMA PARA JÓVENES EN EXTRAEDAD Y ADULTOS,PREESCOLAR NO ESCOLARIZADO/SEMIESCOLARIZADO   ,EDUCACIÓN TRADICIONAL,ACELERACIÓN DEL APRENDIZAJE,CAFAM,MODALIDAD VIRTUAL ASISTIDA UCN",,,,1,,OFICIAL,OFICIAL,NO APLICA,SI,A,,ESTRATO 1,orlandocei@hotmail.com,05045
2016,ANTIOQUIA,5,ANTIOQUIA,5147,CAREPA,205147000350,I. E. R. PIEDRAS BLANCAS,RURAL,CORREG.PIEDRAS BLANCAS,8245108,JOSE LUIS DIAZ LOPEZ,INSTITUCION EDUCATIVA,,,,"PREESCOLAR,MEDIA,BÁSICA SECUNDARIA,BÁSICA PRIMARIA","MAÑANA,COMPLETA,FIN DE SEMANA",,ACADÉMICA,"0,1,2,3,4,5,6,7,8,9,10,11,21,22,23,24,99","PREESCOLAR ESCOLARIZADO_,MEDIA RURAL,ESCUELA NUEVA,Formación para la reintegración,PREESCOLAR NO ESCOLARIZADO/SEMIESCOLARIZADO   ,EDUCACIÓN TRADICIONAL,ACELERACIÓN DEL APRENDIZAJE,SER",,,,5,,OFICIAL,OFICIAL,NO APLICA,SI,A,,ESTRATO 1,piedrasblancasedu@yahoo.es,05147
2016,ANTIOQUIA,5,ANTIOQUIA,5120,CÁCERES,205120000358,C. E. R. EL TIGRE,RURAL,VDA EL TIGRE,8362226,BEDOYA MACIAS RAMON ANGEL,INSTITUCION EDUCATIVA,,,,"PREESCOLAR,BÁSICA SECUNDARIA,BÁSICA PRIMARIA",COMPLETA,,,"0,1,2,3,4,5,6,7,8,9","POST PRIMARIA,ESCUELA NUEVA",,,,6,,OFICIAL,OFICIAL,NO APLICA,NO,A,,ESTRATO 1,rigaromero@hotmail.com,05120
2016,APARTADO,5,ANTIOQUIA,5045,APARTADÓ,105045001454,I.E. SAN FRACISCO DE ASIS,URBANA,CL 103 84 60,826 19 37,ROSALÍA VALENCIA ZEA,INSTITUCION EDUCATIVA,,,,"PREESCOLAR,MEDIA,BÁSICA SECUNDARIA,BÁSICA PRIMARIA","MAÑANA,TARDE,FIN DE SEMANA",,ACADÉMICA,"0,1,2,3,4,5,6,7,8,9,10,11,20,21","ESPERE,PROGRAMA PARA JÓVENES EN EXTRAEDAD Y ADULTOS,EDUCACIÓN TRADICIONAL,MODALIDAD VIRTUAL ASISTIDA UCN",,,,1,,OFICIAL,OFICIAL,NO APLICA,NO,A,,ESTRATO 1,rosalia.valenciaz@yahoo.com.co,05045
2016,APARTADO,5,ANTIOQUIA,5045,APARTADÓ,405045000249,COLEGIO SAN FERNANDO,URBANA,CL 100 77 76,826 49 80 ,DURANGO LOZANO ESNEYDA,INSTITUCION EDUCATIVA,,,,"PREESCOLAR,MEDIA,BÁSICA SECUNDARIA,BÁSICA PRIMARIA","MAÑANA,TARDE,FIN DE SEMANA",,,"-1,0,1,2,3,4,5,6,7,8,9,10,11,21,22,23,24,25,26","ESCUELA NUEVA,EDUCACIÓN TRADICIONAL,CAFAM",,,INGLÉS,1,,PERSONA NATURAL,PERSONA NATURAL,NO APLICA,NO,A,,ESTRATO 1,sanfernando@apartado.gov.co,05045
2016,APARTADO,5,ANTIOQUIA,5045,APARTADÓ,305045000988,CORPORACIÓN COLEGIO AMERICANO DE APARTADÓ,URBANA,CL 94 96 A 22,8287691,MILENA JUDITH CALDERÓN AMARANTO,INSTITUCION EDUCATIVA,,,,"PREESCOLAR,MEDIA,BÁSICA SECUNDARIA,BÁSICA PRIMARIA","MAÑANA,TARDE",,ACADÉMICA,"-2,-1,0,1,2,3,4,5,6,7,8,9,10,11",EDUCACIÓN TRADICIONAL,,,INGLÉS,1,,PERSONA NATURAL,PERSONA NATURAL,NO APLICA,NO,A,,ESTRATO 2,secretaria@colamericanoapartado.com,05045
2016,TURBO,5,ANTIOQUIA,5837,TURBO,305837007289,COLEGIO COLOMBO DARIÉN,URBANA,KR 15 99 A 88,827 51 08,JHON FREDIS CÓRDOBA PEREA,INSTITUCION EDUCATIVA,,,,"PREESCOLAR,MEDIA,BÁSICA SECUNDARIA,BÁSICA PRIMARIA",MAÑANA,,ACADÉMICA,"0,1,2,3,4,5,6,7,8,9,10,11","ESCUELA NUEVA,EDUCACIÓN TRADICIONAL",,,,1,,FUNDACION O CORPORACIONES,FUNDACION O CORPORACIONES,NO APLICA,NO,A,,,secretaria.turbo@nuevodarien.org,05837
2016,ANTIOQUIA,5,ANTIOQUIA,5659,SAN JUAN DE URABÁ,205659002494,C. E. R. INDIGENA NUEVO HORIZONTE,RURAL,RESG MONTECRISTO,824 41 08,ESPITIA MARTINEZ ALEXY,CENTRO EDUCATIVO,,,,"PREESCOLAR,BÁSICA SECUNDARIA,BÁSICA PRIMARIA","MAÑANA,COMPLETA,TARDE",,,"0,1,2,3,4,5,6,7,8,21","ESCUELA NUEVA,ETNOEDUCACIÓN",,,,1,,OFICIAL,OFICIAL,NO APLICA,SI,A,,ESTRATO 1,SJUCERINDIGENANH@tareanet.edu.co,05659
2016,ANTIOQUIA,5,ANTIOQUIA,5659,SAN JUAN DE URABÁ,205051000189,C. E. R. SAN JUANCITO,RURAL,CORREG. SAN JUANCITO,8243279,CAUSIL NAVARRO RAFAEL MIGUEL,INSTITUCION EDUCATIVA,,,,"PREESCOLAR,BÁSICA SECUNDARIA,BÁSICA PRIMARIA","MAÑANA,COMPLETA,TARDE",,ACADÉMICA,"0,1,2,3,4,5,6,7,8,9,21","PREESCOLAR ESCOLARIZADO_,ESCUELA NUEVA,PREESCOLAR NO ESCOLARIZADO/SEMIESCOLARIZADO   ,EDUCACIÓN TRADICIONAL",,,,6,,OFICIAL,OFICIAL,NO APLICA,NO,A,,ESTRATO 1,SJUCERSANJUANCITO@tareanet.edu.co,05659
2016,ANTIOQUIA,5,ANTIOQUIA,5659,SAN JUAN DE URABÁ,205659000611,C. E. R. SAN JUAN ORIENTAL,RURAL,VDA. SAN JUAN ORIENTAL,,BEDOYA HOYOS GUSTAVO,CENTRO EDUCATIVO,,,,"PREESCOLAR,BÁSICA PRIMARIA","MAÑANA,COMPLETA,FIN DE SEMANA",,,"0,1,2,3,4,5,21","PREESCOLAR ESCOLARIZADO_,ESCUELA NUEVA,PREESCOLAR NO ESCOLARIZADO/SEMIESCOLARIZADO   ,MODALIDAD VIRTUAL ASISTIDA UCN",,,,6,,OFICIAL,OFICIAL,NO APLICA,NO,A,,ESTRATO 1,SJUCERSANJUANORIENTAL@tareanet.edu.co,05659
2016,ANTIOQUIA,5,ANTIOQUIA,5659,SAN JUAN DE URABÁ,205051001401,I. E. R. EL FILO DE DAMAQUIEL,RURAL,VDA EL FILO DE DAMAQUIEL,8244719,MARRUGO VELASQUEZ TOMAS EMILIO,INSTITUCION EDUCATIVA,,,,"PREESCOLAR,MEDIA,BÁSICA SECUNDARIA,BÁSICA PRIMARIA","MAÑANA,COMPLETA,TARDE,FIN DE SEMANA",,ACADÉMICA,"0,1,2,3,4,5,6,7,8,9,10,11,21","PREESCOLAR ESCOLARIZADO_,MEDIA RURAL,ESCUELA NUEVA,PREESCOLAR NO ESCOLARIZADO/SEMIESCOLARIZADO   ,EDUCACIÓN TRADICIONAL,SER",,,,5,,OFICIAL,OFICIAL,NO APLICA,NO,A,,ESTRATO 1,SJUIERFILODAMAQUIEL@tareanet.edu.co,05659
2016,ANTIOQUIA,5,ANTIOQUIA,5659,SAN JUAN DE URABÁ,205051000065,I. E. R. MONSEÑOR ESCOBAR VELEZ,RURAL,CORREG. DAMAQUIEL,8245400,MUÑOZ VALETA JAIDER,INSTITUCION EDUCATIVA,,,,"PREESCOLAR,MEDIA,BÁSICA SECUNDARIA,BÁSICA PRIMARIA","MAÑANA,TARDE",,ACADÉMICA,"0,1,2,3,4,5,6,7,8,9,10,11,99","ESCUELA NUEVA,EDUCACIÓN TRADICIONAL,ACELERACIÓN DEL APRENDIZAJE",,,,5,,OFICIAL,OFICIAL,NO APLICA,NO,A,,ESTRATO 1,SJUIERMONSENOREV@tareanet.edu.co,05659
2016,ANTIOQUIA,5,ANTIOQUIA,5659,SAN JUAN DE URABÁ,205051000359,C. E. R. SIETE VUELTAS,RURAL,CORREG. SIETE VUELTAS,824 36 71 y 824 36 41,ORTEGA JORGE ALBERTO,INSTITUCION EDUCATIVA,,,,"PREESCOLAR,MEDIA,BÁSICA SECUNDARIA,BÁSICA PRIMARIA","MAÑANA,COMPLETA,TARDE,FIN DE SEMANA",,ACADÉMICA,"0,1,2,3,4,5,6,7,8,9,10,11,21","PREESCOLAR ESCOLARIZADO_,ESCUELA NUEVA,PREESCOLAR NO ESCOLARIZADO/SEMIESCOLARIZADO   ,EDUCACIÓN TRADICIONAL,MODALIDAD VIRTUAL ASISTIDA UCN",,,,5,,OFICIAL,OFICIAL,NO APLICA,NO,A,,ESTRATO 1,SJUIERSIETEVUELTAS@tareanet.edu.co,05659
2016,ANTIOQUIA,5,ANTIOQUIA,5659,SAN JUAN DE URABÁ,205051000014,I. E. SAN JUAN DE URABA,"RURAL,URBANA",KR 20 23 137,8212013,MONTOYA YUDICELY,INSTITUCION EDUCATIVA,,,,"PREESCOLAR,MEDIA,BÁSICA SECUNDARIA,BÁSICA PRIMARIA","MAÑANA,NOCTURNA,TARDE,FIN DE SEMANA",,"AGROPECUARIO,ACADÉMICA","0,1,2,3,4,5,6,7,8,9,10,11,21,22,23,24,25,26,99","PROGRAMA PARA JÓVENES EN EXTRAEDAD Y ADULTOS,ESCUELA NUEVA,EDUCACIÓN TRADICIONAL,ACELERACIÓN DEL APRENDIZAJE,SER,MODALIDAD VIRTUAL ASISTIDA UCN",,,,5,,OFICIAL,OFICIAL,NO APLICA,NO,A,,"ESTRATO 2,ESTRATO 1",SJUIESANJUANDEURABA@tareanet.edu.co,05659
2016,APARTADO,5,ANTIOQUIA,5045,APARTADÓ,305045001640,COLEGIO CRISTIANO SOCIAL COMUNITARIO                                                                ,URBANA,CL 110 95 32,8284918,ANA LUISA RODRIGUEZ BURGOS,INSTITUCION EDUCATIVA,,,,"PREESCOLAR,MEDIA,BÁSICA SECUNDARIA,BÁSICA PRIMARIA","MAÑANA,NOCTURNA,TARDE,FIN DE SEMANA",,ACADÉMICA,"0,1,2,3,4,5,6,7,8,9,10,11,22,23,24,25,26","PROGRAMA PARA JÓVENES EN EXTRAEDAD Y ADULTOS,EDUCACIÓN TRADICIONAL",,,INGLÉS,1,,PERSONA NATURAL,PERSONA NATURAL,NO APLICA,NO,A,,ESTRATO 1,socialcomunitario@apartado.gov.co,05045
2016,ANTIOQUIA,5,ANTIOQUIA,5665,SAN PEDRO DE URABA,205665000215,I. E. R. BUCHADO MEDIO,RURAL,VDA. QUEBRADA DEL MEDIO,8205502,VACANTE,INSTITUCION EDUCATIVA,,,,"PREESCOLAR,MEDIA,BÁSICA SECUNDARIA,BÁSICA PRIMARIA","MAÑANA,COMPLETA,NOCTURNA,FIN DE SEMANA",,ACADÉMICA,"0,1,2,3,4,5,6,7,8,9,10,11,21,22,23,24,25,26","PREESCOLAR ESCOLARIZADO_,MEDIA RURAL,PROGRAMA PARA JÓVENES EN EXTRAEDAD Y ADULTOS,ESCUELA NUEVA,PREESCOLAR NO ESCOLARIZADO/SEMIESCOLARIZADO   ,TELESECUNDARIA,SER",,,,2,,OFICIAL,OFICIAL,NO APLICA,NO,A,,ESTRATO 1,spuierbuchadomedio@tareanet.edu.co,05665
2016,ANTIOQUIA,5,ANTIOQUIA,5147,CAREPA,205147000112,I. E. R. VILLA NELLY,RURAL,VDA. EL ENCANTO,8245046,MATURANA CORDOBA GLAUCON,INSTITUCION EDUCATIVA,,,,"PREESCOLAR,MEDIA,BÁSICA SECUNDARIA,BÁSICA PRIMARIA","MAÑANA,NOCTURNA,TARDE,FIN DE SEMANA",,ACADÉMICA,"0,1,2,3,4,5,6,7,8,9,10,11,21,22,23,24,25,26,99","PROGRAMA PARA JÓVENES EN EXTRAEDAD Y ADULTOS,EDUCACIÓN TRADICIONAL,ACELERACIÓN DEL APRENDIZAJE,SER,MODALIDAD VIRTUAL ASISTIDA UCN",,,,1,,OFICIAL,OFICIAL,NO APLICA,SI,A,,ESTRATO 1,villanellyedu@yahoo.com,05147
2016,APARTADO,5,ANTIOQUIA,5045,APARTADÓ,205045000193,I.E.R. EL MARIANO,RURAL,CORREG. SAN JOSE,8295164,EFREN ANTONIO PINEDA ROJAS,INSTITUCION EDUCATIVA,,,,"PREESCOLAR,MEDIA,BÁSICA SECUNDARIA,BÁSICA PRIMARIA","COMPLETA,ÚNICA,NOCTURNA,FIN DE SEMANA",,ACADÉMICA,"-1,0,1,2,3,4,5,6,7,8,9,10,11,20,21,22,23,24,25,26","TRANSFORMEMOS,ESPERE,PREESCOLAR ESCOLARIZADO_,MEDIA RURAL,PROGRAMA PARA JÓVENES EN EXTRAEDAD Y ADULTOS,ESCUELA NUEVA,A CRECER,PREESCOLAR NO ESCOLARIZADO/SEMIESCOLARIZADO   ,EDUCACIÓN TRADICIONAL,CAFAM,MODALIDAD VIRTUAL ASISTIDA UCN",,,,20,,OFICIAL,OFICIAL,NO APLICA,SI,A,,ESTRATO 1, ierelmariano2013@gmail.com,05045
2016,APARTADO,5,ANTIOQUIA,5045,APARTADÓ,205045010237,C.E.R. LA ESPERANZA,RURAL,VDA. LA ESPERANZA,,HELIO MANUEL DIAZ NEGRETE,CENTRO EDUCATIVO,,,,"PREESCOLAR,BÁSICA SECUNDARIA,BÁSICA PRIMARIA","COMPLETA,ÚNICA,FIN DE SEMANA",,,"0,1,2,3,4,5,6,7,20,21,22","PREESCOLAR ESCOLARIZADO_,ESCUELA NUEVA,A CRECER,PREESCOLAR NO ESCOLARIZADO/SEMIESCOLARIZADO   ,EDUCACIÓN TRADICIONAL,MODALIDAD VIRTUAL ASISTIDA UCN",,,,8,,OFICIAL,OFICIAL,,NO,A,,, ierelmariano2013@gmail.com,05045
2016,ANTIOQUIA,5,ANTIOQUIA,5120,CÁCERES,305120001995,CIBERCOLEGIO UCN,URBANA,CL 52 47 42,3146205061,LONDOÑO COCHERO GLORIA ISABEL,CENTRO EDUCATIVO,,,,"MEDIA,BÁSICA SECUNDARIA,BÁSICA PRIMARIA",FIN DE SEMANA,,ACADÉMICA,"22,23,24,25,26",PROGRAMA PARA JÓVENES EN EXTRAEDAD Y ADULTOS,,,,1,,FUNDACION O CORPORACIONES,FUNDACION O CORPORACIONES,NO APLICA,NO,A,,ESTRATO 2,,05120
2016,ANTIOQUIA,5,ANTIOQUIA,5665,SAN PEDRO DE URABA,205665001301,I. E. R. ALTO ROSARIO,RURAL,VDA. ALTOS DEL ROSARIO,,SIN PLAZA,INSTITUCION EDUCATIVA,,,,"PREESCOLAR,MEDIA,BÁSICA SECUNDARIA,BÁSICA PRIMARIA","MAÑANA,COMPLETA,FIN DE SEMANA",,ACADÉMICA,"0,1,2,3,4,5,6,7,8,9,10,11,21","PREESCOLAR ESCOLARIZADO_,POST PRIMARIA,MEDIA RURAL,ESCUELA NUEVA,PREESCOLAR NO ESCOLARIZADO/SEMIESCOLARIZADO   ,SER",,,,5,,OFICIAL,OFICIAL,NO APLICA,SI,A,,"ESTRATO 2,ESTRATO 1",,05665
2016,ANTIOQUIA,5,ANTIOQUIA,5051,ARBOLETES,305051008133,COLEGIO DE EDUCACION CAMPESINA                                                                      ,RURAL,VARIAS VEREDAS,8238928,GABRIEL ALEXANDER ORREGO PERIAÑEZ,INSTITUCION EDUCATIVA,,,,"MEDIA,BÁSICA SECUNDARIA","MAÑANA,TARDE,FIN DE SEMANA",,ACADÉMICA,"6,7,8,9,10,11",SAT PRESENCIAL,,,,1,,COMUNIDAD RELIGIOSA,COMUNIDAD RELIGIOSA,NO APLICA,NO,A,,,,05051
2016,ANTIOQUIA,5,ANTIOQUIA,5147,CAREPA,305147000958,COLEGIO SAN SEBASTIAN DE URABA,RURAL,VDA. LA UNION PARTE ALTA,,ROBLEDO MARTINES JUAN,INSTITUCION EDUCATIVA,,,,"PREESCOLAR,BÁSICA SECUNDARIA,BÁSICA PRIMARIA","MAÑANA,TARDE",,,"0,1,2,3,4,5,6,7,8,9","ESCUELA NUEVA,EDUCACIÓN TRADICIONAL",,,,1,,PERSONA NATURAL,PERSONA NATURAL,NO APLICA,NO,A,,ESTRATO 1,,05147
2016,ANTIOQUIA,5,ANTIOQUIA,5147,CAREPA,305147000605,COLEGIO METROPOLITANO DE URABA                                                                      ,URBANA,CL 81 66 03,823 60 53                                         ,CARVAJAL LEZCANO GLADYS,INSTITUCION EDUCATIVA,,,,"PREESCOLAR,BÁSICA SECUNDARIA,BÁSICA PRIMARIA","MAÑANA,TARDE",,,"0,1,2,3,4,5,6,7,8,9",EDUCACIÓN TRADICIONAL,,,,1,,COOPERATIVO,COOPERATIVO,NO APLICA,NO,A,,ESTRATO 2,,05147
2016,ANTIOQUIA,5,ANTIOQUIA,5147,CAREPA,305147000419,COLEGIO BELEN                                                                                       ,URBANA,KR 75 81 64,8236519,GALLEGO GUISAO LUCIA ,INSTITUCION EDUCATIVA,,,,"PREESCOLAR,BÁSICA SECUNDARIA,BÁSICA PRIMARIA",MAÑANA,,,"0,1,2,3,4,5,6,7,8,9",EDUCACIÓN TRADICIONAL,,,INGLÉS,1,,PERSONA NATURAL,PERSONA NATURAL,NO APLICA,NO,A,,ESTRATO 2,,05147
2016,TURBO,5,ANTIOQUIA,5837,TURBO,305837007424,CENTRO EDUCATIVO JARDIN INFANTIL  NIÑOS BRILLANTES,URBANA,CL 104 KR 22,,GEMINYS ZULAY QUINTO ROBLEDO,CENTRO EDUCATIVO,,,,PREESCOLAR,MAÑANA,,,0,EDUCACIÓN TRADICIONAL,,,,1,,PERSONA NATURAL,PERSONA NATURAL,NO APLICA,NO,A,,,,05837
2016,ANTIOQUIA,5,ANTIOQUIA,5665,SAN PEDRO DE URABA,305665010096,INSTITUTO CORFERRINI                                                                                ,URBANA,SIN INFORMACION,2343406,ESTRADA ARANGO RAMIRO DE JESUS ,CENTRO EDUCATIVO,,,,"MEDIA,BÁSICA SECUNDARIA,BÁSICA PRIMARIA","NOCTURNA,FIN DE SEMANA",,,"21,22,23,24,25,26",PROGRAMA PARA JÓVENES EN EXTRAEDAD Y ADULTOS,,,INGLÉS,1,,PERSONA NATURAL,PERSONA NATURAL,NO APLICA,NO,A,,,,05665
2016,ANTIOQUIA,5,ANTIOQUIA,5147,CAREPA,105147000738,C. E. R. 25 DE AGOSTO,RURAL,VDA. 25 DE AGOSTO ,,RAMIREZ RENTERIA MANUEL SALVADOR,CENTRO EDUCATIVO,,,,"PREESCOLAR,BÁSICA PRIMARIA","MAÑANA,COMPLETA,NOCTURNA,FIN DE SEMANA",,,"0,1,2,3,4,5,21,99","PREESCOLAR ESCOLARIZADO_,ESCUELA NUEVA,PREESCOLAR NO ESCOLARIZADO/SEMIESCOLARIZADO   ,ACELERACIÓN DEL APRENDIZAJE,MODALIDAD VIRTUAL ASISTIDA UCN,SER",,,,3,,OFICIAL,OFICIAL,NO APLICA,NO,A,,ESTRATO 1,,05147
2016,ANTIOQUIA,5,ANTIOQUIA,5120,CÁCERES,405120002007,I.E. NUEVO HORIZONTE,URBANA,CARRETERA TRONCAL,830 89 85,JARAMILLO RAMIREZ ADRIANA,INSTITUCION EDUCATIVA,,,,"PREESCOLAR,BÁSICA SECUNDARIA,BÁSICA PRIMARIA","MAÑANA,TARDE",,,"0,1,2,3,4,5,6,7,8,9","PREESCOLAR ESCOLARIZADO_,ESCUELA NUEVA,EDUCACIÓN TRADICIONAL",,,,1,,FUNDACION O CORPORACIONES,FUNDACION O CORPORACIONES,NO APLICA,NO,A,,ESTRATO 2,,05120
2016,APARTADO,5,ANTIOQUIA,5045,APARTADÓ,205045000665,C.E.R. ARENAS ALTAS,RURAL,CORREG.SAN JOSE DE APARTADO,828 3872,PIEDAD DE FATIMA POSADA FERNANDEZ,CENTRO EDUCATIVO,,,,"PREESCOLAR,BÁSICA SECUNDARIA,BÁSICA PRIMARIA","MAÑANA,COMPLETA,ÚNICA,NOCTURNA,FIN DE SEMANA",,,"0,1,2,3,4,5,21,22,23","PREESCOLAR ESCOLARIZADO_,PROGRAMA PARA JÓVENES EN EXTRAEDAD Y ADULTOS,ESCUELA NUEVA,A CRECER,PREESCOLAR NO ESCOLARIZADO/SEMIESCOLARIZADO   ",,,,6,,OFICIAL,OFICIAL,NO APLICA,NO,A,,ESTRATO 1,,05045
2016,ANTIOQUIA,5,ANTIOQUIA,5147,CAREPA,405147001029,CIBERCOLEGIO UCN,URBANA,KR 73 80 36,823 65 69,MARTHA CECILIA CORREA IBARGUEN,CENTRO EDUCATIVO,,,,"MEDIA,BÁSICA SECUNDARIA,BÁSICA PRIMARIA",FIN DE SEMANA,,,"21,22,23,24,25,26",MODALIDAD VIRTUAL ASISTIDA UCN,,,,1,,PERSONA NATURAL,PERSONA NATURAL,NO APLICA,NO,A,,ESTRATO 2,,05147
2016,ANTIOQUIA,5,ANTIOQUIA,5147,CAREPA,105147000401,I. E. COLOMBIA,URBANA,CL 83 CON KR 67,823 61 23,GUZMAN GONZALEZ CARMEN NANCY,INSTITUCION EDUCATIVA,,,,"PREESCOLAR,MEDIA,BÁSICA SECUNDARIA,BÁSICA PRIMARIA","MAÑANA,NOCTURNA,TARDE,FIN DE SEMANA",,ACADÉMICA,"0,1,2,3,4,5,6,7,8,9,10,11,21,22,23,24,25,26,99","PROGRAMA PARA JÓVENES EN EXTRAEDAD Y ADULTOS,EDUCACIÓN TRADICIONAL,ACELERACIÓN DEL APRENDIZAJE,SER,MODALIDAD VIRTUAL ASISTIDA UCN",,,,2,,OFICIAL,OFICIAL,NO APLICA,SI,A,,ESTRATO 2,,05147
2016,TURBO,5,ANTIOQUIA,5837,TURBO,205837007268,I.E. SAN JOSÉ,RURAL,IND CORREG. EL TRES,300 677 57 54,JOSE BIANOR GALLEGO BOTERO,INSTITUCION EDUCATIVA,,,,"PREESCOLAR,MEDIA,BÁSICA SECUNDARIA,BÁSICA PRIMARIA",MAÑANA,,ACADÉMICA,"0,1,2,3,4,5,6,7,8,9,10,11",EDUCACIÓN TRADICIONAL,,,,1,,CONCESION,MUNICIPIO,NO APLICA,SI,A,,,,05837
2016,ANTIOQUIA,5,ANTIOQUIA,5665,SAN PEDRO DE URABA,305665010134,I.E SAN SEBASTIAN ,URBANA,CL 50 48 04,820 45 80,CUERVO CASTAÑO LUZ MARINA,INSTITUCION EDUCATIVA,,,,"PREESCOLAR,MEDIA,BÁSICA SECUNDARIA,BÁSICA PRIMARIA","MAÑANA,TARDE,FIN DE SEMANA",,ACADÉMICA,"-2,-1,0,1,2,3,4,5,6,7,8,9,10,11,21,22,23,24,25,26","PROGRAMA PARA JÓVENES EN EXTRAEDAD Y ADULTOS,EDUCACIÓN TRADICIONAL",,,,1,,FUNDACION O CORPORACIONES,FUNDACION O CORPORACIONES,NO APLICA,NO,A,,ESTRATO 1,,05665
2016,APARTADO,5,ANTIOQUIA,5045,APARTADÓ,305045010533,I.E. ESPERANZA  AMOR Y PAZ,URBANA,CL 100 CON KR 66,8266607,ORDOÑEZ NARVAEZ KELIS YOHANA,CENTRO EDUCATIVO,,,,"MEDIA,BÁSICA SECUNDARIA,BÁSICA PRIMARIA",FIN DE SEMANA,,,"21,22,23,24,25,26",PROGRAMA PARA JÓVENES EN EXTRAEDAD Y ADULTOS,,,,1,,PERSONA NATURAL,PERSONA NATURAL,NO APLICA,NO,A,,ESTRATO 1,,05045
2016,ANTIOQUIA,5,ANTIOQUIA,5147,CAREPA,305147000940,INSTITUTO CORFERRINI,URBANA,KR 81 77 20,8233551,BONTANTE FRANCO JAIRO,CENTRO EDUCATIVO,,,,"MEDIA,BÁSICA SECUNDARIA,BÁSICA PRIMARIA","NOCTURNA,FIN DE SEMANA",,,"21,22,23,24,25,26",PROGRAMA PARA JÓVENES EN EXTRAEDAD Y ADULTOS,,,,1,,SOCIEDAD,SOCIEDAD,NO APLICA,NO,A,,,,05147
2016,ANTIOQUIA,5,ANTIOQUIA,5665,SAN PEDRO DE URABA,305665001330,COLEGIO DIOCESANO SAN PEDRO APOSTOL                                                                 ,URBANA,CL 51 44 14,8205241,MAGNOLIA SANCHEZ LOPEZ,INSTITUCION EDUCATIVA,,,,"PREESCOLAR,MEDIA,BÁSICA SECUNDARIA,BÁSICA PRIMARIA","MAÑANA,COMPLETA,TARDE",,ACADÉMICA,"0,1,2,3,4,5,6,7,8,9,10,11","EDUCACIÓN TRADICIONAL,SAT,SAT PRESENCIAL",,,,1,,COMUNIDAD RELIGIOSA,COMUNIDAD RELIGIOSA,NO APLICA,NO,A,,ESTRATO 2,,05665
2016,ANTIOQUIA,5,ANTIOQUIA,5665,SAN PEDRO DE URABA,305665010142,COLEGIO SAN SEBASTIAN DE URABA,URBANA,VARIAS VEREDAS,,MENA HERNANDEZ NIDIA ,INSTITUCION EDUCATIVA,,,,"PREESCOLAR,BÁSICA SECUNDARIA,BÁSICA PRIMARIA",MAÑANA,,,"0,1,2,3,4,5,6,7,8,9","ESCUELA NUEVA,EDUCACIÓN TRADICIONAL",,,,1,,COOPERATIVO,COOPERATIVO,NO APLICA,NO,A,,ESTRATO 2,,05665
2016,ANTIOQUIA,5,ANTIOQUIA,5659,SAN JUAN DE URABÁ,305659008047,I.E. SAN SEBASTIAN,URBANA,KR 21 31 32,821 20 86,BAENA CAUSADO NAFER,CENTRO EDUCATIVO,,,,"MEDIA,BÁSICA SECUNDARIA,BÁSICA PRIMARIA",FIN DE SEMANA,,ACADÉMICA,"21,22,23,24,25,26",PROGRAMA PARA JÓVENES EN EXTRAEDAD Y ADULTOS,,,,1,,PERSONA NATURAL,PERSONA NATURAL,NO APLICA,NO,A,,ESTRATO 2,,05659
2016,APARTADO,5,ANTIOQUIA,5045,APARTADÓ,305045010258,INSTITUTO CORFERRINI                                                                                ,URBANA,CL 104 102 23,8283152,MORENO MOSQUERA ESEQUIA,CENTRO EDUCATIVO,,,,"MEDIA,BÁSICA SECUNDARIA,BÁSICA PRIMARIA",FIN DE SEMANA,,,"21,22,23,24,25,26",PROGRAMA PARA JÓVENES EN EXTRAEDAD Y ADULTOS,,,INGLÉS,1,,PERSONA NATURAL,PERSONA NATURAL,NO APLICA,NO,A,,ESTRATO 2,,05045
2016,ANTIOQUIA,5,ANTIOQUIA,5665,SAN PEDRO DE URABA,205665000860,I. E. R. SAN ISIDRO,RURAL,VDA. EL TOMATE,820 55 02,SIN PLAZA,INSTITUCION EDUCATIVA,,,,"PREESCOLAR,MEDIA,BÁSICA SECUNDARIA,BÁSICA PRIMARIA",COMPLETA,,ACADÉMICA,"0,1,2,3,4,5,6,7,8,9,10,11","PREESCOLAR ESCOLARIZADO_,MEDIA RURAL,ESCUELA NUEVA,PREESCOLAR NO ESCOLARIZADO/SEMIESCOLARIZADO   ,TELESECUNDARIA",,,,3,,OFICIAL,OFICIAL,NO APLICA,SI,A,,"ESTRATO 2,ESTRATO 1",,05665
2016,ANTIOQUIA,5,ANTIOQUIA,5665,SAN PEDRO DE URABA,205665000487,I. E. R. LA CABAÑA,RURAL,VDA. LA CABAÑA,820 55 02,DEIBY ARLETH TORREGLOSA MARTINEZ,INSTITUCION EDUCATIVA,,,,"PREESCOLAR,MEDIA,BÁSICA SECUNDARIA,BÁSICA PRIMARIA","MAÑANA,COMPLETA",,ACADÉMICA,"0,1,2,3,4,5,6,7,8,9,10","PREESCOLAR ESCOLARIZADO_,POST PRIMARIA,MEDIA RURAL,ESCUELA NUEVA,PREESCOLAR NO ESCOLARIZADO/SEMIESCOLARIZADO   ",,,,8,,OFICIAL,OFICIAL,NO APLICA,SI,A,,"ESTRATO 2,ESTRATO 1",,05665
2016,TURBO,5,ANTIOQUIA,5837,TURBO,305837007114,I.E. JARDIN INFANTIL AQUALUNA,URBANA,IND CALLE 99 44,8276938,CARLOS RAMON PEREZ CUESTA,CENTRO EDUCATIVO,,,,PREESCOLAR,MAÑANA,,,-3,"PREESCOLAR ESCOLARIZADO_,EDUCACIÓN TRADICIONAL",,,,1,,SOCIEDAD,SOCIEDAD,NO APLICA,NO,A,,,,05837
2016,ANTIOQUIA,5,ANTIOQUIA,5120,CÁCERES,405120002015,INSTITUTO CORFERRINI,RURAL,CRA. 21  27-25,8363075,SOTO MARTINEZ CARLOS JOSE,CENTRO EDUCATIVO,,,,BÁSICA PRIMARIA,FIN DE SEMANA,,,22,PROGRAMA PARA JÓVENES EN EXTRAEDAD Y ADULTOS,,,,1,,FUNDACION O CORPORACIONES,FUNDACION O CORPORACIONES,NO APLICA,NO,A,,ESTRATO 1,,05120
2016,ANTIOQUIA,5,ANTIOQUIA,5051,ARBOLETES,305051008111,INSTITUTO CORFERRINI                                                                                ,URBANA,CL 0 0 0,2343406,VALENCIA ROA FRANCISCO NIGER,CENTRO EDUCATIVO,,,,"MEDIA,BÁSICA SECUNDARIA,BÁSICA PRIMARIA","NOCTURNA,FIN DE SEMANA",,,"21,22,23,24,25,26",PROGRAMA PARA JÓVENES EN EXTRAEDAD Y ADULTOS,,,INGLÉS,1,,PERSONA NATURAL,PERSONA NATURAL,NO APLICA,NO,A,,ESTRATO 2,,05051
2016,ANTIOQUIA,5,ANTIOQUIA,5659,SAN JUAN DE URABÁ,405659008033,INSTITUTO CORFERRINI,RURAL,VDA. LAS LAJAS,8212620,AGUDELO BUILES JAVIER ELVERGENEY,CENTRO EDUCATIVO,,,,"BÁSICA SECUNDARIA,BÁSICA PRIMARIA",FIN DE SEMANA,,,"22,23,24",PROGRAMA PARA JÓVENES EN EXTRAEDAD Y ADULTOS,,,,1,,FUNDACION O CORPORACIONES,FUNDACION O CORPORACIONES,NO APLICA,NO,A,,ESTRATO 2,,05659
2016,APARTADO,5,ANTIOQUIA,5045,APARTADÓ,305045010151,COLEGIO ALEGRIA DE APRENDER                                                                         ,URBANA,CL 96 95 33,8284902,RENTERIA MOSQUERA YANCY ZAMARYS ,INSTITUCION EDUCATIVA,,,,"PREESCOLAR,MEDIA,BÁSICA SECUNDARIA,BÁSICA PRIMARIA","MAÑANA,TARDE,FIN DE SEMANA",,ACADÉMICA,"-2,-1,0,1,2,3,4,5,6,7,8,9,10,11,21,22,23,24,25,26","PROGRAMA PARA JÓVENES EN EXTRAEDAD Y ADULTOS,ESCUELA NUEVA,EDUCACIÓN TRADICIONAL",,,INGLÉS,1,,PERSONA NATURAL,PERSONA NATURAL,NO APLICA,NO,A,,ESTRATO 2,,05045
2016,ANTIOQUIA,5,ANTIOQUIA,5120,CÁCERES,205120000986,I. E. R. LA JAGUA,RURAL,VDA. PUERTO LINDO,836 22 06,CASTILLO MARTINEZ MAYERLIS ENIT,INSTITUCION EDUCATIVA,,,,"PREESCOLAR,MEDIA,BÁSICA SECUNDARIA,BÁSICA PRIMARIA",COMPLETA,,ACADÉMICA,"0,1,2,3,4,5,6,7,8,9,10,11","ESCUELA NUEVA,EDUCACIÓN TRADICIONAL",,,,17,,OFICIAL,OFICIAL,NO APLICA,SI,A,,ESTRATO 1,,05120
